species,lon,lat,oppc,n
fulanus_fulanus,-59.966667,-2.883333,1293,1088
fulanus_fulanus,-59.96666,2.88333,345,1088
fulanus_fulanus,-52.8731,-10.8339,2571,1088
fulanus_fulanus,-65.08583333,-4.14444444,1440,1088
fulanus_fulanus,-65.047222,-9.6,2309,1088
fulanus_fulanus,-64.458888,-9.2694444,2311,1088
fulanus_fulanus,-60,-7.25,2004,1088
fulanus_fulanus,-63.316667,0.816667,654,1088
fulanus_fulanus,-59.75,-2.416667,1214,1088
fulanus_fulanus,-59.716667,-2.4,1214,1088
fulanus_fulanus,-59.833333,-2.516667,1214,1088
fulanus_fulanus,-64.80419922,-3.220829964,1283,1088
fulanus_fulanus,-69.25969696,-8.838890076,2222,1088
fulanus_fulanus,-62.308611,-4.416917,1525,1088
fulanus_fulanus,-64.458889,-9.269444,2311,1088
fulanus_fulanus,-59.785556,-2.441667,1214,1088
fulanus_fulanus,-67.08920288,-0.130278006,804,1088
fulanus_fulanus,-50.71220016,-1.804440022,1153,1088
fulanus_fulanus,-59.916667,-2.95,1293,1088
fulanus_fulanus,-59.727778,-2.407222,1214,1088
fulanus_fulanus,-61.938611,-1.241547,973,1088
fulanus_fulanus,-63.3745909,0.9016571,654,1088
fulanus_fulanus,-59.6854736,-2.3153702,1214,1088
fulanus_fulanus,-60.0917441,-2.326638,1213,1088
fulanus_fulanus,-59.8885828,-2.4292245,1214,1088
fulanus_fulanus,-67.0891666,2.0830556,488,1088
fulanus_fulanus,-64.846944,-9.388889,2310,1088
fulanus_fulanus,-59.916667,-2.616667,1214,1088
fulanus_fulanus,-55.287667,-11.581667,2645,1088
fulanus_fulanus,-55.501667,-11.836667,2723,1088
fulanus_fulanus,-39.465833,-13.916111,3072,1088
fulanus_fulanus,-60.7139,5.06721,27,1088
fulanus_fulanus,-41.99722222,-12.18305556,2751,1088
fulanus_fulanus,-56.793333,-9.286111,2326,1088
fulanus_fulanus,-39.04940033,-14.78890038,3230,1088
fulanus_fulanus,-59.254167,0.737222,741,1088
fulanus_fulanus,-66.89579773,-4.882780075,1595,1088
fulanus_fulanus,-64.71140289,-3.354170084,1362,1088
fulanus_fulanus,-62.05690002,-3.836669922,1446,1088
fulanus_fulanus,-39.133333,-16.333333,3467,1088
fulanus_fulanus,-39.121944,-15.155278,3230,1088
fulanus_fulanus,-59.9016237,-3.1715397,1293,1088
fulanus_fulanus,-71.9616938,-4.6077301,1506,1088
fulanus_fulanus,-55.8661,-1.76556,1143,1088
fulanus_fulanus,-51.455,-1.7369,1073,1088
fulanus_fulanus,-56.4489985,-1.6942627,1063,1088
fulanus_fulanus,-57.0281,-1.1325,982,1088
fulanus_fulanus,-64.4,-3.55,1363,1088
fulanus_fulanus,-39.05,-14.9833333,3230,1088
fulanus_fulanus,-42.96749878,-21.45969963,4250,1088
fulanus_fulanus,-37.9794,-12.3739,2838,1088
fulanus_fulanus,-39.84280014,-14.28359985,3150,1088
fulanus_fulanus,-39.016667,-16.266667,3467,1088
fulanus_fulanus,-37.94499969,-11.79609966,2759,1088
fulanus_fulanus,-40.77583333,-19.51472222,3938,1088
fulanus_fulanus,-52.53,-5.64861111,1702,1088
fulanus_fulanus,-63.82860184,-10.21170044,2391,1088
fulanus_fulanus,-43.04059982,-22.65279961,4407,1088
fulanus_fulanus,-39.73220062,-18.59329987,3782,1088
fulanus_fulanus,-39.07529831,-15.29329967,3309,1088
fulanus_fulanus,-41.13470078,-20.3397007,4095,1088
fulanus_fulanus,-48.833056,-1.75,1157,1088
fulanus_fulanus,-51.966667,1.433333,598,1088
fulanus_fulanus,-38.99670029,-14.27750015,3152,1088
fulanus_fulanus,-46.13999939,-1.196670055,1004,1088
fulanus_fulanus,-48.76890182,-1.883890033,1157,1088
fulanus_fulanus,-46.844167,-1.126667,1003,1088
fulanus_fulanus,-46.750556,-1.101944,1003,1088
fulanus_fulanus,-50.82109833,-1.935559988,1153,1088
fulanus_fulanus,-51.75,-0.833333,993,1088
fulanus_fulanus,-58.933333,1.366667,584,1088
fulanus_fulanus,-39,-15.333333,3310,1088
fulanus_fulanus,-35.00249863,-7.560560226,2053,1088
fulanus_fulanus,-44.328889,-2.691667,1245,1088
fulanus_fulanus,-43.843611,-22.112222,4327,1088
fulanus_fulanus,-39.1345131,-13.9705727,3072,1088
fulanus_fulanus,-39.07,-14.7,3151,1088
fulanus_fulanus,-41.27703,-20.331291,4095,1088
fulanus_fulanus,-39.0666667,-15.1833333,3230,1088
fulanus_fulanus,-68.8725,-3.37833,1354,1088
fulanus_fulanus,-39.09027,-13.32888,2993,1088
fulanus_fulanus,-58.9478,1.37333,584,1088
fulanus_fulanus,-53,-4,1465,1088
fulanus_fulanus,-35.002222,-7.691388,2053,1088
fulanus_fulanus,-34.90639877,-7.834169865,2133,1088
fulanus_fulanus,-63.90390015,-8.761940002,2233,1088
fulanus_fulanus,-60.54169846,-13.11670017,2871,1088
fulanus_fulanus,-65.33940125,-10.78279972,2546,1088
fulanus_fulanus,-35.94329834,-9.306670189,2368,1088
fulanus_fulanus,-35.78079987,-9.197500229,2289,1088
fulanus_fulanus,-36.415178,-9.190069,2288,1088
fulanus_fulanus,-34.995278,-7.838889,2133,1088
fulanus_fulanus,-39.06470108,-16.4496994,3467,1088
fulanus_fulanus,-35.72859955,-8.470279694,2210,1088
fulanus_fulanus,-35.15859985,-8.663610458,2211,1088
fulanus_fulanus,-35.93939972,-8.972499847,2289,1088
fulanus_fulanus,-35.79330063,-8.726670265,2210,1088
fulanus_fulanus,-49.21670151,-1.528329968,1077,1088
fulanus_fulanus,-48.394167,-1.439722,1079,1088
fulanus_fulanus,-46.754167,-1.103611,1003,1088
fulanus_fulanus,-48.417222,-1.684167,1079,1088
fulanus_fulanus,-48.34189987,-1.355280042,1079,1088
fulanus_fulanus,-52.916667,-0.916667,991,1088
fulanus_fulanus,-36.424722,-9.247222,2288,1088
fulanus_fulanus,-35.856111,-8.699167,2210,1088
fulanus_fulanus,-50.79309845,2.053329945,521,1088
fulanus_fulanus,-46.80930556,-1.18172222,1003,1088
fulanus_fulanus,-34.906111,-7.834444,2133,1088
fulanus_fulanus,-39.115,-14.499722,3151,1088
fulanus_fulanus,-39.202778,-14.770278,3230,1088
fulanus_fulanus,-39.339444,-15.174167,3230,1088
fulanus_fulanus,-40.054444,-16.406389,3465,1088
fulanus_fulanus,-39.341667,-15.173611,3230,1088
fulanus_fulanus,-39.202222,-16.419167,3467,1088
fulanus_fulanus,-39.073333,-14.469167,3151,1088
fulanus_fulanus,-39.385278,-15.189444,3230,1088
fulanus_fulanus,-39.335833,-15.178333,3230,1088
fulanus_fulanus,-39.25,-16.5,3467,1088
fulanus_fulanus,-39.338056,-15.17,3230,1088
fulanus_fulanus,-39.602222,-14.703611,3150,1088
fulanus_fulanus,-39.054722,-15.159722,3230,1088
fulanus_fulanus,-39.566111,-15.395833,3308,1088
fulanus_fulanus,-39.05,-15.15,3230,1088
fulanus_fulanus,-40.091389,-14.354722,3149,1088
fulanus_fulanus,-39.583333,-14.683333,3150,1088
fulanus_fulanus,-39.531944,-14.741667,3150,1088
fulanus_fulanus,-39.3175,-15.148889,3230,1088
fulanus_fulanus,-39.535833,-14.772222,3229,1088
fulanus_fulanus,-39.060278,-14.399444,3151,1088
fulanus_fulanus,-39.553333,-16.575,3466,1088
fulanus_fulanus,-39.02470016,-16.27809906,3467,1088
fulanus_fulanus,-39.016667,-14.416667,3151,1088
fulanus_fulanus,-39.083333,-15.15,3230,1088
fulanus_fulanus,-39.069167,-14.781944,3230,1088
fulanus_fulanus,-39.28440094,-14.59309959,3151,1088
fulanus_fulanus,-39.05,-16.433333,3467,1088
fulanus_fulanus,-39.459167,-13.890833,3072,1088
fulanus_fulanus,-39.37360001,-14.16419983,3072,1088
fulanus_fulanus,-36.0318985,-9.162779808,2288,1088
fulanus_fulanus,-36.01169968,-8.82777977,2288,1088
fulanus_fulanus,-35.1825,-8.576278,2211,1088
fulanus_fulanus,-34.989167,-7.848611,2133,1088
fulanus_fulanus,-35.10469818,-8.759719849,2290,1088
fulanus_fulanus,-47.765836,-1.675947,1080,1088
fulanus_fulanus,-47.116725,-0.958772,1002,1088
fulanus_fulanus,-39.034167,-14.340278,3151,1088
fulanus_fulanus,-39.133333,-15.166667,3230,1088
fulanus_fulanus,-39.805,-18.2625,3782,1088
fulanus_fulanus,-35.5,-7.583333,2053,1088
fulanus_fulanus,-35.002778,-7.838889,2132,1088
fulanus_fulanus,-45.25,-3.5,1401,1088
fulanus_fulanus,-35.0028,-7.8389,2132,1088
fulanus_fulanus,-39.2022,-16.4192,3467,1088
fulanus_fulanus,-51.75,-0.83,993,1088
fulanus_fulanus,-50.18,-0.7,917,1088
fulanus_fulanus,-51.1463785,2.525951,441,1088
fulanus_fulanus,-48.417263,-1.4402643,1079,1088
fulanus_fulanus,-39.4592,-13.8908,3072,1088
fulanus_fulanus,-35.854722,-8.707778,2210,1088
fulanus_fulanus,-39.115,-14.4997222,3151,1088
fulanus_fulanus,-39.3417,-15.1736,3230,1088
fulanus_fulanus,-72.26986,-9.04542,2216,1088
fulanus_fulanus,-35.1583,-8.6636,2211,1088
fulanus_fulanus,-39.1442871,-16.3468262,3467,1088
fulanus_fulanus,-39.1797,-16.3861,3467,1088
fulanus_fulanus,-39.06916667,-14.7819444,3230,1088
fulanus_fulanus,-35.147736,-8.551872,2211,1088
fulanus_fulanus,-39.4591667,-13.8908333,3072,1088
fulanus_fulanus,-44.83333,-2.45,1244,1088
fulanus_fulanus,-45.67,-3,1321,1088
fulanus_fulanus,-41.098611,-20.431417,4095,1088
fulanus_fulanus,-35.9375,-9.3125,2368,1088
fulanus_fulanus,-35.845464,-8.712425,2210,1088
fulanus_fulanus,-39.016667,-13.666667,2993,1088
fulanus_fulanus,-39.719722,-13.586944,2992,1088
fulanus_fulanus,-39.6371994,-14.70530033,3150,1088
fulanus_fulanus,-35.11610031,-8.590829849,2211,1088
fulanus_fulanus,-40.094444,-14.499722,3149,1088
fulanus_fulanus,-49.8,-0.95,997,1088
fulanus_fulanus,-39.133333,-16.383333,3467,1088
fulanus_fulanus,-35.002777,-7.838888,2132,1088
fulanus_fulanus,-64.79810333,-7.258609772,1994,1088
fulanus_fulanus,-55.5863518,-6.3184123,1854,1088
fulanus_fulanus,-56.09220123,-2.152220011,1142,1088
fulanus_fulanus,-70.3,-4.283333,1509,1088
fulanus_fulanus,-59.866667,-2.416667,1214,1088
fulanus_fulanus,-59.6996994,-2.699440002,1214,1088
fulanus_fulanus,-60.083333,-2.316667,1213,1088
fulanus_fulanus,-59.85,-2.383333,1214,1088
fulanus_fulanus,-58.633333,1.583333,584,1088
fulanus_fulanus,-59.96667,-2.88333,1293,1088
fulanus_fulanus,-60.29,-2.525,1213,1088
fulanus_fulanus,-59.9875349,-2.914218,1293,1088
fulanus_fulanus,-58.641726,1.580018,584,1088
fulanus_fulanus,-58.6456,1.56433,584,1088
fulanus_fulanus,-60,-1.333333,1056,1088
fulanus_fulanus,-55.768889,-11.142222,2565,1088
fulanus_fulanus,-55.435556,-11.118056,2566,1088
fulanus_fulanus,-55.468333,-11.238333,2566,1088
fulanus_fulanus,-55.27640152,-11.06169987,2566,1088
fulanus_fulanus,-55.768889,-11.143056,2565,1088
fulanus_fulanus,-55.672778,-11.006111,2565,1088
fulanus_fulanus,-50.4803009,-1.682219982,1075,1088
fulanus_fulanus,-55.789719,-12.388692,2802,1088
fulanus_fulanus,-55.483772,-11.238397,2566,1088
fulanus_fulanus,-60.3529429,-2.6996631,1213,1088
fulanus_fulanus,-48.347989,-1.106202,1000,1088
fulanus_fulanus,-59.3986,-1.8742,1136,1088
fulanus_fulanus,-54.75,-8.75,2251,1088
fulanus_fulanus,-66.75,0.3333333,726,1088
fulanus_fulanus,-52.32694444,1.04222222,676,1088
fulanus_fulanus,-60.89970016,-12.55220032,2792,1088
fulanus_fulanus,-61.7858,1.70711,578,1088
fulanus_fulanus,-51.83499908,3.843060017,203,1088
fulanus_fulanus,-48.14170074,-0.858332992,1000,1088
fulanus_fulanus,-58.933333,1.383333,584,1088
fulanus_fulanus,-51.843262,3.8237989,203,1088
fulanus_fulanus,-52.5,-1.25,1071,1088
fulanus_fulanus,-58.9458,1.38722,584,1088
fulanus_fulanus,-55.71139908,-12.54529953,2802,1088
fulanus_fulanus,-39.637139,-13.717056,2992,1088
fulanus_fulanus,-39.261111,-15.339444,3309,1088
fulanus_fulanus,-49.6725,-3.76611,1471,1088
fulanus_fulanus,-59.483333,-1.833333,1136,1088
fulanus_fulanus,-37.728611,-12.035278,2759,1088
fulanus_fulanus,-69.316667,-5.216667,1590,1088
fulanus_fulanus,-62.111056,-4.188083,1446,1088
fulanus_fulanus,-62.529667,-4.604417,1524,1088
fulanus_fulanus,-62.710444,-3.443583,1366,1088
fulanus_fulanus,-65.041944,-9.638333,2309,1088
fulanus_fulanus,-35.554842,-9.372017,2368,1088
fulanus_fulanus,-38.04169846,-12.26309967,2837,1088
fulanus_fulanus,-51.833333,0.333333,756,1088
fulanus_fulanus,-52.883333,2.2,517,1088
fulanus_fulanus,-39.01470184,-14.10309982,3072,1088
fulanus_fulanus,-47.983333,-1.5,1080,1088
fulanus_fulanus,-51.833333,-0.033333,835,1088
fulanus_fulanus,-52.916667,2.133333,517,1088
fulanus_fulanus,-39.090278,-13.328889,2993,1088
fulanus_fulanus,-39.216667,-13.85,3072,1088
fulanus_fulanus,-39.083333,-14.416667,3151,1088
fulanus_fulanus,-39.570556,-13.619444,2992,1088
fulanus_fulanus,-39.166667,-14.066667,3072,1088
fulanus_fulanus,-39.240278000000004,-13.500278,2993,1088
fulanus_fulanus,-39.0925,-13.791944,3072,1088
fulanus_fulanus,-38.895556,-13.113333,2915,1088
fulanus_fulanus,-38.016667,-12.233333,2758,1088
fulanus_fulanus,-39.32329941,-14.3125,3151,1088
fulanus_fulanus,-38.49530029,-12.51249981,2837,1088
fulanus_fulanus,-38.083333,-11.933333,2758,1088
fulanus_fulanus,-45.37170029,-1.663329959,1085,1088
fulanus_fulanus,-43.716667,-12.035278,2747,1088
fulanus_fulanus,-36.09360123,-9.78110981,2446,1088
fulanus_fulanus,-36.093611,-9.781111,2446,1088
fulanus_fulanus,-38.366667,-12.85,2916,1088
fulanus_fulanus,-39.048333,-15.226111,3230,1088
fulanus_fulanus,-39.189722,-14.706944,3151,1088
fulanus_fulanus,-45.3717,-1.6633,1085,1088
fulanus_fulanus,-39.0903,-13.3289,2993,1088
fulanus_fulanus,-49.9381,-0.9844,997,1088
fulanus_fulanus,-49.9398887,-0.9819837,997,1088
fulanus_fulanus,-47.619411,-1.120763,1001,1088
fulanus_fulanus,-63.32,0.82,654,1088
fulanus_fulanus,-39.2033815,-16.8700182,3546,1088
fulanus_fulanus,-52.92,2.13,517,1088
fulanus_fulanus,-59.48,-1.83,1136,1088
fulanus_fulanus,-39.06917,-14.78194,3230,1088
fulanus_fulanus,-39.0692,-14.7819,3230,1088
fulanus_fulanus,-39.08,-15.15,3230,1088
fulanus_fulanus,-46.1167,-1.2,1004,1088
fulanus_fulanus,-39.0617,-14.4231,3151,1088
fulanus_fulanus,-39.0244,-16.2783,3467,1088
fulanus_fulanus,-39.0144,-14.1033,3072,1088
fulanus_fulanus,-39.0644,-16.4497,3467,1088
fulanus_fulanus,-39.1202492,-15.1148921,3230,1088
fulanus_fulanus,-39.0440986,-16.2986237,3467,1088
fulanus_fulanus,-39.0753,-15.2933,3309,1088
fulanus_fulanus,-39.185433,-16.4051485,3467,1088
fulanus_fulanus,-38.68000031,-12.62749958,2836,1088
fulanus_fulanus,-59.4833333,-1.8333333,1136,1088
fulanus_fulanus,-52.88333,2.2,517,1088
fulanus_fulanus,-58.63333,1.65,584,1088
fulanus_fulanus,-39.7222,-14.1672,3071,1088
fulanus_fulanus,-39.0675,-15.167778,3230,1088
fulanus_fulanus,-39.133333,-13.716667,2993,1088
fulanus_fulanus,-38.483333,-12.5,2837,1088
fulanus_fulanus,-39.5,-16.433333,3467,1088
fulanus_fulanus,-39.116667,-14.683333,3151,1088
fulanus_fulanus,-39.078056,-15.249444,3230,1088
fulanus_fulanus,-39.227778,-15.842778,3388,1088
fulanus_fulanus,-39.002778,-15.338889,3309,1088
fulanus_fulanus,-37.966667,-12.166667,2759,1088
fulanus_fulanus,-45,-5,1639,1088
fulanus_fulanus,-52,1,677,1088
fulanus_fulanus,-67.05,1.933333,488,1088
fulanus_fulanus,-67.11666,1.95,488,1088
fulanus_fulanus,-66.4166667,1.0833333,648,1088
fulanus_fulanus,-67.05,1.93333,488,1088
fulanus_fulanus,-61.104167,-4.853611,1606,1088
fulanus_fulanus,-61.11666,4.55,105,1088
fulanus_fulanus,-60,-13,2873,1088
fulanus_fulanus,-35.8125,-9.1875,2289,1088
fulanus_fulanus,-51.88,3.8,203,1088
fulanus_fulanus,-59.55,3.3,266,1088
fulanus_fulanus,-63.14139938,-4.0850000380000004,1444,1088
fulanus_fulanus,-60.18610001,-3.284719944,1371,1088
fulanus_fulanus,-69.416667,-1.116667,958,1088
fulanus_fulanus,-65.05,-2.466667,1203,1088
fulanus_fulanus,-60.283333,-3.033333,1292,1088
fulanus_fulanus,-64.5,-0.083333,810,1088
fulanus_fulanus,-62.359167,-4.465242,1525,1088
fulanus_fulanus,-66.850139,1.196306,647,1088
fulanus_fulanus,-66.58,-0.27,884,1088
fulanus_fulanus,-68.9350837,-3.4711744,1354,1088
fulanus_fulanus,-69.6436429,-4.7724089,1589,1088
fulanus_fulanus,-43.514722,-20.154722,4011,1088
fulanus_fulanus,-41.66109848,-22.18720055,4331,1088
fulanus_fulanus,-41.47219849,-22.1067009,4332,1088
fulanus_fulanus,-73.216667,-7.133333,1898,1088
fulanus_fulanus,-59.925108,-2.948074,1293,1088
fulanus_fulanus,-59.917675,-2.937833,1293,1088
fulanus_fulanus,-72.66999817,-7.631110191,1978,1088
fulanus_fulanus,-60.37969971,-5.120560169,1608,1088
fulanus_fulanus,-35.03499985,-8.286669731,2211,1088
fulanus_fulanus,-40.07220078,-19.39109993,3939,1088
fulanus_fulanus,-40.392778,-20.548056,4097,1088
fulanus_fulanus,-40.51100159,-20.65800095,4096,1088
fulanus_fulanus,-34.960386,-7.697356,2054,1088
fulanus_fulanus,-34.971014,-7.705731,2054,1088
fulanus_fulanus,-35.002222,-7.691389,2053,1088
fulanus_fulanus,-46.73722222,-1.07861111,1003,1088
fulanus_fulanus,-39.26580048,-17.73189926,3625,1088
fulanus_fulanus,-40.41999817,-20.26390076,4097,1088
fulanus_fulanus,-42.083333,-22.533333,4409,1088
fulanus_fulanus,-39.55080032,-18.08639908,3703,1088
fulanus_fulanus,-40.636389,-19.925,4017,1088
fulanus_fulanus,-39.061111,-15.171389,3230,1088
fulanus_fulanus,-39.1775,-13.798333,3072,1088
fulanus_fulanus,-38.95,-14.066667,3073,1088
fulanus_fulanus,-39.10390091,-13.94470024,3072,1088
fulanus_fulanus,-39.10689926,-13.59939957,2993,1088
fulanus_fulanus,-39.066667,-15.166667,3230,1088
fulanus_fulanus,-39.005556,-15.315278,3309,1088
fulanus_fulanus,-63.333333,-8.816667,2234,1088
fulanus_fulanus,-39,-14.25,3152,1088
fulanus_fulanus,-39.066667,-14.7,3151,1088
fulanus_fulanus,-39.814217,-18.276033,3782,1088
fulanus_fulanus,-40.09780121,-19.19689941,3860,1088
fulanus_fulanus,-35.56470108,-8.201109886,2131,1088
fulanus_fulanus,-50.817975,-1.938861,1153,1088
fulanus_fulanus,-48.6195,-1.517772,1078,1088
fulanus_fulanus,-65.153333,-4.885833,1598,1088
fulanus_fulanus,-47.778333,-1.916667,1159,1088
fulanus_fulanus,-39.07,-15.166667,3230,1088
fulanus_fulanus,-39.810278,-18.742222,3782,1088
fulanus_fulanus,-39.846111,-18.385833,3782,1088
fulanus_fulanus,-39.85889816,-18.71610069,3782,1088
fulanus_fulanus,-39.719167,-18.420556,3782,1088
fulanus_fulanus,-39.804722,-18.743056,3782,1088
fulanus_fulanus,-39.0056,-15.3153,3309,1088
fulanus_fulanus,-40.3928,-20.5481,4097,1088
fulanus_fulanus,-39.066867,-15.168567,3230,1088
fulanus_fulanus,-72,-7,1901,1088
fulanus_fulanus,-47.1137738,-1.5520179,1081,1088
fulanus_fulanus,-48.4018296,-1.4548669,1079,1088
fulanus_fulanus,-68.6706018,0.2819527,722,1088
fulanus_fulanus,-62.6839542,-6.9876421,1919,1088
fulanus_fulanus,-48.1967,-1.96083,1158,1088
fulanus_fulanus,-68.5121369,0.2251762,801,1088
fulanus_fulanus,-68.87249756,-3.378329992,1354,1088
fulanus_fulanus,-50.816435,-1.94071,1153,1088
fulanus_fulanus,-35.112692,-6.424511,1895,1088
fulanus_fulanus,-39.1956,-17.5194,3625,1088
fulanus_fulanus,-40.0719,-19.3911,3939,1088
fulanus_fulanus,-41.1344,-20.3397,4095,1088
fulanus_fulanus,-39.0492,-14.7892,3230,1088
fulanus_fulanus,-39.1067,-13.5994,2993,1088
fulanus_fulanus,-39.5506,-18.0867,3703,1088
fulanus_fulanus,-39.2842,-14.5933,3151,1088
fulanus_fulanus,-35.0022,-7.5608,2053,1088
fulanus_fulanus,-39.2540887,-15.1469363,3230,1088
fulanus_fulanus,-39.0918258,-13.6098971,2993,1088
fulanus_fulanus,-38.9967,-14.2778,3152,1088
fulanus_fulanus,-39,-15.33,3310,1088
fulanus_fulanus,-35.90000153,-8.658329964,2210,1088
fulanus_fulanus,-42.1391983,-19.78969955,4014,1088
fulanus_fulanus,-41.818889,-19.736389,3936,1088
fulanus_fulanus,-40.589167,-19.922222,4017,1088
fulanus_fulanus,-40.530278,-19.971389,4017,1088
fulanus_fulanus,-40.6075,-19.931389,4017,1088
fulanus_fulanus,-40.683333,-19.931111,4017,1088
fulanus_fulanus,-40.541944,-19.844722,4017,1088
fulanus_fulanus,-40.575556,-19.887222,4017,1088
fulanus_fulanus,-40.593889,-19.973333,4017,1088
fulanus_fulanus,-40.455278,-19.247222,3860,1088
fulanus_fulanus,-40.553056,-19.9075,4017,1088
fulanus_fulanus,-40.697222,-20.043333,4017,1088
fulanus_fulanus,-40.55,-20.266667,4096,1088
fulanus_fulanus,-40.74610138,-20.04059982,4017,1088
fulanus_fulanus,-39.802369,-18.282278,3782,1088
fulanus_fulanus,-40.537222,-19.804167,4017,1088
fulanus_fulanus,-40.620556,-19.931111,4017,1088
fulanus_fulanus,-40.683611,-19.931111,4017,1088
fulanus_fulanus,-40.59,-19.933333,4017,1088
fulanus_fulanus,-40.534444,-19.950556,4017,1088
fulanus_fulanus,-37.853611,-12.151944,2759,1088
fulanus_fulanus,-39.033333,-15.315278,3309,1088
fulanus_fulanus,-37.979444,-12.374444,2838,1088
fulanus_fulanus,-37.979444,-12.373889,2838,1088
fulanus_fulanus,-34.906139,-7.834444,2133,1088
fulanus_fulanus,-35.838967,-8.714236,2210,1088
fulanus_fulanus,-39.8,-18.266667,3782,1088
fulanus_fulanus,-39.732222,-18.593333,3782,1088
fulanus_fulanus,-40.423333,-20.598333,4097,1088
fulanus_fulanus,-39.007778,-15.34,3309,1088
fulanus_fulanus,-39.002222,-13.3025,2993,1088
fulanus_fulanus,-38.998889,-13.246389,2915,1088
fulanus_fulanus,-38.9625,-14.023889,3073,1088
fulanus_fulanus,-39.358333,-17.774444,3704,1088
fulanus_fulanus,-39.069167,-15.165833,3230,1088
fulanus_fulanus,-39.043611,-14.5175,3151,1088
fulanus_fulanus,-44.566667,-22.25,4404,1088
fulanus_fulanus,-39.823694,-18.282278,3782,1088
fulanus_fulanus,-39.083333,-13.6,2993,1088
fulanus_fulanus,-39.3,-14.566667,3151,1088
fulanus_fulanus,-42.9125,-22.48222222,4408,1088
fulanus_fulanus,-43,-22.4333333,4408,1088
fulanus_fulanus,-42.983333,-22.433333,4408,1088
fulanus_fulanus,-42.53110123,-22.28190041,4408,1088
fulanus_fulanus,-39.565278,-15.391667,3308,1088
fulanus_fulanus,-39.651389,-13.116667,2913,1088
fulanus_fulanus,-39.609722,-14.691111,3150,1088
fulanus_fulanus,-39.603333,-14.701667,3150,1088
fulanus_fulanus,-39.609722,-14.357778,3150,1088
fulanus_fulanus,-39.536111,-14.770278,3229,1088
fulanus_fulanus,-39.5975,-14.686667,3150,1088
fulanus_fulanus,-42.39170074,-22.6508007,4409,1088
fulanus_fulanus,-39.52330017,-12.77190018,2913,1088
fulanus_fulanus,-42.98189926,-22.53720093,4408,1088
fulanus_fulanus,-42.406389,-22.355278,4409,1088
fulanus_fulanus,-42.847222,-22.079444,4329,1088
fulanus_fulanus,-42.833333,-22.433333,4408,1088
fulanus_fulanus,-43.402056,-19.396361,3933,1088
fulanus_fulanus,-39.5653,-15.3917,3308,1088
fulanus_fulanus,-43.0406,-22.6531,4407,1088
fulanus_fulanus,-42.96559906,-22.41220093,4408,1088
fulanus_fulanus,-42.25,-22.5,4409,1088
fulanus_fulanus,-43.82780075,-22.08919907,4327,1088
fulanus_fulanus,-39.475833,-12.853333,2914,1088
fulanus_fulanus,-39.49580002,-15.41919994,3309,1088
fulanus_fulanus,-65.583333,-1.833333,1123,1088
fulanus_fulanus,-67.216667,0.916667,646,1088
fulanus_fulanus,-65.078056,-0.254167,887,1088
fulanus_fulanus,-60.41809845,0.946111023,660,1088
fulanus_fulanus,-55.86610031,-1.765560031,1143,1088
fulanus_fulanus,-51.883333,3.8,203,1088
fulanus_fulanus,-52.633333,2.333333,438,1088
fulanus_fulanus,-54.70830154,-2.443059921,1224,1088
fulanus_fulanus,-67.0579264,1.9218151,488,1088
fulanus_fulanus,-63.0208,-7.50611,1997,1088
fulanus_fulanus,-60.3208,-2.5636,1213,1088
fulanus_fulanus,-60.2074814,-2.9591396,1292,1088
fulanus_fulanus,-60.3236344,-2.6235947,1213,1088
fulanus_fulanus,-68.8722,-3.3783,1354,1088
fulanus_fulanus,-66.1,0.833333333,648,1088
fulanus_fulanus,-67.05,1.93,488,1088
fulanus_fulanus,-67.06666,1.91666,488,1088
fulanus_fulanus,-66.16666,0.83333,648,1088
fulanus_fulanus,-66.0833333,0.8333333,648,1088
fulanus_fulanus,-68.8,-3.45,1354,1088
fulanus_fulanus,-59.96666,-2.88333,1293,1088
fulanus_fulanus,-66.13333,0.83333,648,1088
fulanus_fulanus,-66.16,0.83,648,1088
fulanus_fulanus,-67.08,1.91,488,1088
fulanus_fulanus,-66.08,0.83,648,1088
fulanus_fulanus,-63.4,3.333333,259,1088
fulanus_fulanus,-56.775278,-9.329722,2326,1088
fulanus_fulanus,-52.58169937,-1.523329973,1070,1088
fulanus_fulanus,-44.833333,-2.45,1244,1088
fulanus_fulanus,-59.97,-2.883333,1293,1088
fulanus_fulanus,-63.56,2.713056,416,1088
fulanus_fulanus,-36.033075,-9.057206,2288,1088
fulanus_fulanus,-36.29610062,-9.255279541,2367,1088
fulanus_fulanus,-36.24079895,-9.371390343,2367,1088
fulanus_fulanus,-36.47109985,-9.318889618,2367,1088
fulanus_fulanus,-35.939472,-9.290528,2368,1088
fulanus_fulanus,-46.79830556,-1.01308333,1003,1088
fulanus_fulanus,-39.713944,-13.566667,2992,1088
fulanus_fulanus,-39.4133,-16.8633333,3546,1088
fulanus_fulanus,-35.5608,-9.3183,2368,1088
fulanus_fulanus,-39.14920044,-13.73219967,2993,1088
fulanus_fulanus,-39.566667,-16.366667,3466,1088
fulanus_fulanus,-61.9516983,-10.88529968,2553,1088
fulanus_fulanus,-59.933333,-2.416667,1214,1088
fulanus_fulanus,-59.95,-2.366667,1214,1088
fulanus_fulanus,-61.205278,-3.506944,1369,1088
fulanus_fulanus,-57.95,-2.366667,1218,1088
fulanus_fulanus,-59.9865854,-2.3900614,1214,1088
fulanus_fulanus,-60.08,-2.32,1213,1088
fulanus_fulanus,-59.9048156,-2.4341821,1214,1088
fulanus_fulanus,-73.633333,-7.416667,1976,1088
fulanus_fulanus,-68.6568985,-9.065560341,2223,1088
fulanus_fulanus,-57.879167,-9.577778,2324,1088
fulanus_fulanus,-64.55505,-6.50457,1836,1088
fulanus_fulanus,-60.25941,-4.93834,1608,1088
fulanus_fulanus,-63.03,-7.52,1997,1088
fulanus_fulanus,-56.45,-1.7,1063,1088
fulanus_fulanus,-70.25,-7.5,1983,1088
fulanus_fulanus,-58.6286,-7.4188,2006,1088
fulanus_fulanus,-63.02080154,-7.506110191,1997,1088
fulanus_fulanus,-60.259444,-4.938333,1608,1088
fulanus_fulanus,-65.041944,-9.6383333,2309,1088
fulanus_fulanus,-65.348333,-9.5975,2309,1088
fulanus_fulanus,-69.416667,-1.233333,958,1088
fulanus_fulanus,-60.94419861,-2.621390104,1212,1088
fulanus_fulanus,-64.360917,-8.657361,2153,1088
fulanus_fulanus,-66.185,-8.865056,2228,1088
fulanus_fulanus,-65.01920319,-0.413888991,887,1088
fulanus_fulanus,-63,-13,2867,1088
fulanus_fulanus,-55.439444,-11.011667,2566,1088
fulanus_fulanus,-55.510278,-11.213056,2565,1088
fulanus_fulanus,-55.410556,-11.003056,2566,1088
fulanus_fulanus,-55.408611,-11.005,2566,1088
fulanus_fulanus,-55.406944,-11.003611,2566,1088
fulanus_fulanus,-55.436111,-11.006389,2566,1088
fulanus_fulanus,-55.551667,-11.171944,2565,1088
fulanus_fulanus,-55.410278,-11.003056,2566,1088
fulanus_fulanus,-64.360833,-8.6575,2153,1088
fulanus_fulanus,-64.38310242,-6.533889771,1837,1088
fulanus_fulanus,-55.410408,-11.019608,2566,1088
fulanus_fulanus,-55.439581,-11.071597,2566,1088
fulanus_fulanus,-55.566375,-11.171844,2565,1088
fulanus_fulanus,-55.408578,-10.037956,2408,1088
fulanus_fulanus,-55.406975,-11.024761,2566,1088
fulanus_fulanus,-55.410428,-11.019428,2566,1088
fulanus_fulanus,-55.436167,-11.042292,2566,1088
fulanus_fulanus,-55.410572,-11.019889,2566,1088
fulanus_fulanus,-55.406975,-11.225389,2566,1088
fulanus_fulanus,-55.415278,-11.003611,2566,1088
fulanus_fulanus,-63.7693262,-10.9794376,2549,1088
fulanus_fulanus,-69.4263813,-1.3996708,1037,1088
fulanus_fulanus,-71.4016646,-4.4466072,1507,1088
fulanus_fulanus,-43.460556,-22.9175,4486,1088
fulanus_fulanus,-43.126389,-22.574444,4407,1088
fulanus_fulanus,-43.432861,-19.431861,3933,1088
fulanus_fulanus,-42.825306,-22.681361,4408,1088
fulanus_fulanus,-41.81140137,-13.57890034,2988,1088
fulanus_fulanus,-41.83,-19.67,3936,1088
fulanus_fulanus,-42.089722,-19.57,3935,1088
fulanus_fulanus,-42.73220062,-19.71220016,3934,1088
fulanus_fulanus,-41.94499969,-22.52689934,4410,1088
fulanus_fulanus,-42.02280045,-20.90469933,4172,1088
fulanus_fulanus,-61.019444,1.821111,500,1088
fulanus_fulanus,-61.1281,1.81611,500,1088
fulanus_fulanus,-61.019289,1.821142,500,1088
fulanus_fulanus,-61.002778,1.490083,579,1088
fulanus_fulanus,-49.933333,-0.95,997,1088
fulanus_fulanus,-50.5,-0.25,917,1088
fulanus_fulanus,-47.08666667,-0.85388889,1002,1088
fulanus_fulanus,-47.06194444,-0.84638889,1002,1088
fulanus_fulanus,-39.235556,-14.008333,3072,1088
fulanus_fulanus,-39.686111,-13.896111,3071,1088
fulanus_fulanus,-60.8311,-13.6539,2950,1088
fulanus_fulanus,-67.05,1.91666,488,1088
fulanus_fulanus,-60.83111,-13.65388,2950,1088
fulanus_fulanus,-60.82,-13.65833,2950,1088
fulanus_fulanus,-58.965,1.33278,584,1088
fulanus_fulanus,-61.013333,1.450278,579,1088
fulanus_fulanus,-61.044722,1.486389,579,1088
fulanus_fulanus,-63,-7,1919,1088
fulanus_fulanus,-62.92419815,-0.974722028,971,1088
fulanus_fulanus,-63.583333,-0.25,890,1088
fulanus_fulanus,-61.25,-1.75,1132,1088
fulanus_fulanus,-60.483333,-2.866667,1292,1088
fulanus_fulanus,-63.666667,-0.15,811,1088
fulanus_fulanus,-62.491944,-4.252056,1525,1088
fulanus_fulanus,-61.64419937,-3.772779942,1447,1088
fulanus_fulanus,-61.907868,-1.301907,1052,1088
fulanus_fulanus,-60.485694,-2.835,1292,1088
fulanus_fulanus,-60.506944,-2.835,1291,1088
fulanus_fulanus,-60.3942275,-2.7025996,1213,1088
fulanus_fulanus,-62.5,-7,1920,1088
fulanus_fulanus,-66.0919905,-2.5180622,1201,1088
fulanus_fulanus,-66.8315935,-0.015707,805,1088
fulanus_fulanus,-69.42,-1.116667,958,1088
fulanus_fulanus,-51.8015939,3.8472344,203,1088
fulanus_fulanus,-53.5,1.5,595,1088
fulanus_fulanus,-64,-0.37,890,1088
fulanus_fulanus,-60.28333,-3.03333,1292,1088
fulanus_fulanus,-57.933333,-4.8,1613,1088
fulanus_fulanus,-60.02500153,-2.034440041,1134,1088
fulanus_fulanus,-36.41666667,-9.25,2367,1088
fulanus_fulanus,-49.67250061,-3.766109943,1471,1088
fulanus_fulanus,-49.583056,-0.983056,997,1088
fulanus_fulanus,-35.9225,-9.601667,2368,1088
fulanus_fulanus,-36.575833,-9.518611,2366,1088
fulanus_fulanus,-36.576111,-9.623611,2366,1088
fulanus_fulanus,-35.9549,-9.2,2289,1088
fulanus_fulanus,-35.22359848,-8.35916996,2211,1088
fulanus_fulanus,-35.3266983,-7.656939983,2053,1088
fulanus_fulanus,-35.8725,-9.211944,2289,1088
fulanus_fulanus,-36.430111,-9.258944,2367,1088
fulanus_fulanus,-35.5718,-9.1048,2289,1088
fulanus_fulanus,-39.1675,-13.802222,3072,1088
fulanus_fulanus,-39.123611,-14.586111,3151,1088
fulanus_fulanus,-39.260833,-14.3175,3151,1088
fulanus_fulanus,-39.599444,-14.399722,3150,1088
fulanus_fulanus,-39.22079849,-17.34110069,3625,1088
fulanus_fulanus,-39.233333,-15.133333,3230,1088
fulanus_fulanus,-39.58029938,-16.37750053,3466,1088
fulanus_fulanus,-39.091111,-14.777222,3230,1088
fulanus_fulanus,-40.574722,-15.264722,3306,1088
fulanus_fulanus,-39.48669815,-13.7439003,2993,1088
fulanus_fulanus,-39.2,-15.383333,3309,1088
fulanus_fulanus,-35.866667,-9.2,2289,1088
fulanus_fulanus,-35.766667,-9.233333,2289,1088
fulanus_fulanus,-35.39830017,-9.0450000760000009,2290,1088
fulanus_fulanus,-35.17969894,-7.896669865,2132,1088
fulanus_fulanus,-35.195833,-8.550278,2211,1088
fulanus_fulanus,-35.933333,-9.25,2368,1088
fulanus_fulanus,-40.051611,-14.206972,3070,1088
fulanus_fulanus,-44.83,-2.45,1244,1088
fulanus_fulanus,-40.5747,-15.2647,3306,1088
fulanus_fulanus,-39.415,-16.86722222,3546,1088
fulanus_fulanus,-35.87467,-9.21292,2289,1088
fulanus_fulanus,-36.438031,-9.22922,2288,1088
fulanus_fulanus,-39.2,-15.38,3309,1088
fulanus_fulanus,-36.4247,-9.2472,2288,1088
fulanus_fulanus,-36.42,-9.25,2367,1088
fulanus_fulanus,-36.425,-9.245,2288,1088
fulanus_fulanus,-39.0911111,-14.7772222,3230,1088
fulanus_fulanus,-39.1441852,-16.3681257,3467,1088
fulanus_fulanus,-39.581206,-16.48659,3466,1088
fulanus_fulanus,-39.135004,-15.110402,3230,1088
fulanus_fulanus,-39.1815805,-16.3721094,3467,1088
fulanus_fulanus,-35.5,-7.58,2053,1088
fulanus_fulanus,-35.78158,-9.242217,2289,1088
fulanus_fulanus,-35.95669937,-9.597220421,2368,1088
fulanus_fulanus,-38.9233017,-4.224999905,1493,1088
fulanus_fulanus,-38.62030029,-3.98416996,1493,1088
fulanus_fulanus,-38.93310165,-4.263329983,1572,1088
fulanus_fulanus,-38.88470078,-4.328609943,1572,1088
fulanus_fulanus,-40.5747223,-15.2647222,3306,1088
fulanus_fulanus,-39.2,-15.3833333,3309,1088
fulanus_fulanus,-36.4247223,-9.2472222,2288,1088
fulanus_fulanus,-36.4166667,-9.25,2367,1088
fulanus_fulanus,-36.17559814,-10.12559986,2446,1088
fulanus_fulanus,-39.53110123,-17.03919983,3545,1088
fulanus_fulanus,-39.184722,-15.340278,3309,1088
fulanus_fulanus,-39.558333,-14.772222,3229,1088
fulanus_fulanus,-35.5306015,-8.707500458,2210,1088
fulanus_fulanus,-36.408648,-9.243734,2288,1088
fulanus_fulanus,-35.841667,-8.7125,2210,1088
fulanus_fulanus,-35.9549,-9.18,2289,1088
fulanus_fulanus,-39.466667,-13.683333,2993,1088
fulanus_fulanus,-69.93810272,-4.252500057,1510,1088
fulanus_fulanus,-39.02917,-14.33167,3151,1088
fulanus_fulanus,-39.026455,-14.310972,3151,1088
fulanus_fulanus,-39.0292,-14.3317,3151,1088
fulanus_fulanus,-39.08,-14.33,3151,1088
fulanus_fulanus,-39.029167,-14.331667,3151,1088
fulanus_fulanus,-72.89579773,-7.614170074,1978,1088
fulanus_fulanus,-64.366667,4.05,178,1088
fulanus_fulanus,-35.009,-7.780797,2132,1088
fulanus_fulanus,-34.998056,-7.843056,2133,1088
fulanus_fulanus,-35.469722,-7.619722,2053,1088
fulanus_fulanus,-46.63499832,-1.021669984,1003,1088
fulanus_fulanus,-57.954731,-4.488439,1534,1088
fulanus_fulanus,-51.75,0.83333,677,1088
fulanus_fulanus,-60.0962609,-2.8743255,1292,1088
fulanus_fulanus,-60.0568861,-2.9867185,1292,1088
fulanus_fulanus,-52.349596,3.1316459,360,1088
fulanus_fulanus,-70,-3.03333,1273,1088
fulanus_fulanus,-51.65,3.3,282,1088
fulanus_fulanus,-56.15,2.03,510,1088
fulanus_fulanus,-40.519444,-20.291389,4096,1088
fulanus_fulanus,-40.525,-20.267778,4096,1088
fulanus_fulanus,-40.068889,-19.140556,3860,1088
fulanus_fulanus,-40.6,-18.633333,3780,1088
fulanus_fulanus,-39.05,-14.983333,3230,1088
fulanus_fulanus,-42.033333,-20.766667,4172,1088
fulanus_fulanus,-40.530365,-19.905712,4017,1088
fulanus_fulanus,-35.8428,-8.7147,2210,1088
fulanus_fulanus,-36.405231,-9.237203,2288,1088
fulanus_fulanus,-36.433333,-9.161111,2288,1088
fulanus_fulanus,-40.609472,-19.9289,4017,1088
fulanus_fulanus,-35.8561,-8.6992,2210,1088
fulanus_fulanus,-39.05,-14.98,3230,1088
fulanus_fulanus,-39.1215259,-16.4140264,3467,1088
fulanus_fulanus,-39.1050759,-16.4199671,3467,1088
fulanus_fulanus,-39.330883,-16.385967,3467,1088
fulanus_fulanus,-40.591667,-19.909167,4017,1088
fulanus_fulanus,-40.506944,-19.936111,4017,1088
fulanus_fulanus,-40.620278,-19.923889,4017,1088
fulanus_fulanus,-40.551111,-19.348333,3938,1088
fulanus_fulanus,-40.473056,-20.054722,4018,1088
fulanus_fulanus,-40.428889,-20.0975,4018,1088
fulanus_fulanus,-40.481944,-20.3025,4097,1088
fulanus_fulanus,-40.624778,-20.149444,4017,1088
fulanus_fulanus,-40.540556,-20.278333,4096,1088
fulanus_fulanus,-40.593889,-19.973056,4017,1088
fulanus_fulanus,-39.731944,-14.176389,3071,1088
fulanus_fulanus,-39.711111,-14.167222,3071,1088
fulanus_fulanus,-39.195278,-15.297222,3309,1088
fulanus_fulanus,-39.218333,-15.172222,3230,1088
fulanus_fulanus,-39.722222,-14.167222,3071,1088
fulanus_fulanus,-39.722222,-14.172222,3071,1088
fulanus_fulanus,-40.071667,-19.466667,3939,1088
fulanus_fulanus,-40.070278,-19.466667,3939,1088
fulanus_fulanus,-41.2439003,-20.36829948,4095,1088
fulanus_fulanus,-40.65919876,-20.36330032,4096,1088
fulanus_fulanus,-48.24470139,-1.361389995,1079,1088
fulanus_fulanus,-67.0333333,1.9166667,488,1088
fulanus_fulanus,-67.0344444,1.925,488,1088
fulanus_fulanus,-59.9666667,-2.8833333,1293,1088
fulanus_fulanus,-42.02970123,-20.80830002,4172,1088
fulanus_fulanus,-62.089167,-1.028611,972,1088
fulanus_fulanus,-59.937415,-2.98648,1293,1088
fulanus_fulanus,-62.083333,-1.016667,972,1088
fulanus_fulanus,-60.296111,-2.688333,1213,1088
fulanus_fulanus,-60.303811,-2.415044,1213,1088
fulanus_fulanus,-56.7942524,-0.2439515,825,1088
fulanus_fulanus,-65.083333,-3.833333,1440,1088
fulanus_fulanus,-64.7114,-3.3544,1362,1088
fulanus_fulanus,-61.6,4.5,104,1088
fulanus_fulanus,-59.72777,-2.40722,1214,1088
fulanus_fulanus,-61.8,4.33333,104,1088
fulanus_fulanus,-66.16111,0.83055,648,1088
fulanus_fulanus,-55.50249863,-11.86419964,2723,1088
fulanus_fulanus,-59.8461,4.71,108,1088
fulanus_fulanus,-58.9594,1.36306,584,1088
fulanus_fulanus,-58.9519,1.42139,584,1088
fulanus_fulanus,-62.533333,-7.75,2077,1088
fulanus_fulanus,-59.95,-5.416667,1688,1088
fulanus_fulanus,-63.18330002,-5.628330231,1681,1088
fulanus_fulanus,-51.08390045,-6.754720211,1942,1088
fulanus_fulanus,-50.04439926,-7.833059788,2102,1088
fulanus_fulanus,-69.5048332,-4.696879,1510,1088
fulanus_fulanus,-73.63,-7.42,1976,1088
fulanus_fulanus,-69.93,-4.22,1431,1088
fulanus_fulanus,-60.28333,3.03333,344,1088
fulanus_fulanus,-59.55,4.21667,187,1088
fulanus_fulanus,-67.736,-10.151,2383,1088
fulanus_fulanus,-72.67,-7.63111,1978,1088
fulanus_fulanus,-59.933333,-13.366667,2952,1088
fulanus_fulanus,-67.166667,0.966667,646,1088
fulanus_fulanus,-70.3225,-9.62305556,2299,1088
fulanus_fulanus,-61.006944,1.487611,579,1088
fulanus_fulanus,-61.4401,-0.6329,895,1088
fulanus_fulanus,-61.544721,-0.781144,973,1088
fulanus_fulanus,-61.533225,-0.789774,973,1088
fulanus_fulanus,-57.15,-0.966667,982,1088
fulanus_fulanus,-42.0294,-20.7331,4093,1088
fulanus_fulanus,-61.339722,2.301667,421,1088
fulanus_fulanus,-64.039722,-8.750278,2232,1088
fulanus_fulanus,-61.935833,-8.963333,2237,1088
fulanus_fulanus,-61.92,-12.78,2869,1088
fulanus_fulanus,-62.1,-12.06,2710,1088
fulanus_fulanus,-62.1,-12.78,2868,1088
fulanus_fulanus,-63.959444,-8.810556,2233,1088
fulanus_fulanus,-65.52,-9.54,2308,1088
fulanus_fulanus,-65.943056,-9.438333,2308,1088
fulanus_fulanus,-64.409722,-9.326389,2311,1088
fulanus_fulanus,-64.413056,-9.390556,2311,1088
fulanus_fulanus,-64.776389,-9.438889,2310,1088
fulanus_fulanus,-56.816111,-9.266111,2326,1088
fulanus_fulanus,-70.3,-4.28333,1509,1088
fulanus_fulanus,-71.66667,-4.55,1506,1088
fulanus_fulanus,-73.633333,-7.41667,1976,1088
fulanus_fulanus,-64.040555,-8.7455555,2153,1088
fulanus_fulanus,-48.794166,-2.1763888,1157,1088
fulanus_fulanus,-60.0304,-12.4419,2793,1088
fulanus_fulanus,-56.9,-1.366667,1062,1088
fulanus_fulanus,-58.683333,-4.166667,1453,1088
fulanus_fulanus,-67.116667,-1.033333,962,1088
fulanus_fulanus,-67.833333,-2.883333,1277,1088
fulanus_fulanus,-71.666667,-4.55,1506,1088
fulanus_fulanus,-63.316667,-0.816667,970,1088
fulanus_fulanus,-72.683333,-9.2,2215,1088
fulanus_fulanus,-72.916667,-7.616667,1978,1088
fulanus_fulanus,-60.90000153,2.430000067,422,1088
fulanus_fulanus,-59.928495,-2.984993,1293,1088
fulanus_fulanus,-59.918253,-2.992426,1293,1088
fulanus_fulanus,-61.128,1.816,500,1088
fulanus_fulanus,-67.93969727,-3.102220058,1277,1088
fulanus_fulanus,-63.56,2.7,416,1088
fulanus_fulanus,-61.7859,1.70801,578,1088
fulanus_fulanus,-64.776389,-9.438333,2310,1088
fulanus_fulanus,-59.939383,-3.002678,1293,1088
fulanus_fulanus,-59.93856,-3.005819,1293,1088
fulanus_fulanus,-60.166667,-12.75,2872,1088
fulanus_fulanus,-36.05830002,-9.009719849,2288,1088
fulanus_fulanus,-36.298889,-10.215556,2446,1088
fulanus_fulanus,-36.681197,-9.403342,2366,1088
fulanus_fulanus,-36.738975,-9.392278,2366,1088
fulanus_fulanus,-36.542478,-9.057206,2287,1088
fulanus_fulanus,-40.533333,-20.266667,4096,1088
fulanus_fulanus,-52.20640182,-3.20333004,1308,1088
fulanus_fulanus,-39.735,-18.523611,3782,1088
fulanus_fulanus,-52.45,2.783333,360,1088
fulanus_fulanus,-52.475278,2.8,360,1088
fulanus_fulanus,-52.354611,-3.214797,1308,1088
fulanus_fulanus,-48.794167,-2.176333,1157,1088
fulanus_fulanus,-43.001361,-22.493944,4407,1088
fulanus_fulanus,-49.933333,-0.966667,997,1088
fulanus_fulanus,-49.916667,-0.983333,997,1088
fulanus_fulanus,-52.741389,1.844722,517,1088
fulanus_fulanus,-46.81941667,-1.12666667,1003,1088
fulanus_fulanus,-46.7525,-1.105,1003,1088
fulanus_fulanus,-46.75416667,-1.10361111,1003,1088
fulanus_fulanus,-46.7525,-1.10111111,1003,1088
fulanus_fulanus,-46.75555556,-1.10222222,1003,1088
fulanus_fulanus,-46.75055556,-1.10194444,1003,1088
fulanus_fulanus,-46.75166667,-1.10194444,1003,1088
fulanus_fulanus,-47.00529861,-0.896943986,1002,1088
fulanus_fulanus,-46.78361111,-1.05419444,1003,1088
fulanus_fulanus,-39.381867,-14.345333,3151,1088
fulanus_fulanus,-52.533333,-0.85,991,1088
fulanus_fulanus,-39.603333,-14.705833,3150,1088
fulanus_fulanus,-39.6,-14.7,3150,1088
fulanus_fulanus,-39.583333,-16.983333,3545,1088
fulanus_fulanus,-39.633333,-14.7,3150,1088
fulanus_fulanus,-39.271111,-14.420556,3151,1088
fulanus_fulanus,-39.693333,-13.578611,2992,1088
fulanus_fulanus,-39.083333,-14.333333,3151,1088
fulanus_fulanus,-35.002778,-7.8375,2132,1088
fulanus_fulanus,-43.399444,-22.448611,4407,1088
fulanus_fulanus,-43.383333,-22.443611,4407,1088
fulanus_fulanus,-61.009167,1.486667,579,1088
fulanus_fulanus,-39.222222,-16.441667,3467,1088
fulanus_fulanus,-42.36640167,-21.13059998,4172,1088
fulanus_fulanus,-43.5080986,-20.28750038,4090,1088
fulanus_fulanus,-60.288061,-2.433086,1213,1088
fulanus_fulanus,-61.164628,4.434297,105,1088
fulanus_fulanus,-61.184289,4.404103,105,1088
fulanus_fulanus,-54.89139938,-11.5152998,2646,1088
fulanus_fulanus,-39.036389,-15.18,3230,1088
fulanus_fulanus,-39.031667,-15.339444,3309,1088
fulanus_fulanus,-51.835,3.8431,203,1088
fulanus_fulanus,-55.603611,-12.405556,2802,1088
fulanus_fulanus,-57.65330124,-19.00919914,3825,1088
fulanus_fulanus,-61.5609,-8.5748,2158,1088
fulanus_fulanus,-58.3384833,-11.3389652,2639,1088
fulanus_fulanus,-57.0303,-1.0858,982,1088
fulanus_fulanus,-58.95,-3.4,1374,1088
fulanus_fulanus,-62.0569,-3.83667,1446,1088
fulanus_fulanus,-52.539719,-0.8678545,991,1088
fulanus_fulanus,-47,-0.9539,1003,1088
fulanus_fulanus,-66.9944,-1.8861,1121,1088
fulanus_fulanus,-63.1433,-7.085,1918,1088
fulanus_fulanus,-60.0987661,-3.0518325,1292,1088
fulanus_fulanus,-63.4196594,0.891659,654,1088
fulanus_fulanus,-72.8117904,-5.1372258,1583,1088
fulanus_fulanus,-67.73600006,-10.15100002,2383,1088
fulanus_fulanus,-68.1439233,-2.7150365,1197,1088
fulanus_fulanus,-69.9381,-4.2525,1510,1088
fulanus_fulanus,-71.6182101,-4.5300408,1506,1088
fulanus_fulanus,-55.98360062,-4.276110172,1538,1088
fulanus_fulanus,-73.0225,-8.2169,2056,1088
fulanus_fulanus,-67.869031,-9.934347,2383,1088
fulanus_fulanus,-67.8097,-9.9747,2383,1088
fulanus_fulanus,-73.15,-7.67,1977,1088
fulanus_fulanus,-72.8958,-7.61417,1978,1088
fulanus_fulanus,-52.351111,-3.203333,1308,1088
fulanus_fulanus,-43.470286,-20.08195,4012,1088
fulanus_fulanus,-49.93999863,-0.986666977,997,1088
fulanus_fulanus,-35.112778,-6.424444,1895,1088
fulanus_fulanus,-60.051111,-12.733333,2793,1088
fulanus_fulanus,-57.15,-11.016111,2562,1088
fulanus_fulanus,-72.957528,-8.234306,2057,1088
fulanus_fulanus,-66.683194,0.288861,726,1088
fulanus_fulanus,-61.104167,-4.903611,1606,1088
fulanus_fulanus,-59,-1,979,1088
fulanus_fulanus,-61.433333,-0.616667,895,1088
fulanus_fulanus,-61.9,-1.3,1052,1088
fulanus_fulanus,-61.883333,-1.3,1052,1088
fulanus_fulanus,-59.65,3.3,266,1088
fulanus_fulanus,-64.555,-6.504444,1836,1088
fulanus_fulanus,-50.05,-6.066667,1786,1088
fulanus_fulanus,-66.847806,1.194583,647,1088
fulanus_fulanus,-67.583194,1.051,645,1088
fulanus_fulanus,-61.12810135,1.816110015,500,1088
fulanus_fulanus,-35.070694,-8.059444,2132,1088
fulanus_fulanus,-38.998889,-13.238333,2915,1088
fulanus_fulanus,-52.666667,1.05,675,1088
fulanus_fulanus,-51.5,3,362,1088
fulanus_fulanus,-50.183333,-0.7,917,1088
fulanus_fulanus,-47.18080139,-1.195829988,1002,1088
fulanus_fulanus,-39.063611,-15.168611,3230,1088
fulanus_fulanus,-65.40166667,-9.68583333,2309,1088
fulanus_fulanus,-72.728333,-5.051389,1583,1088
fulanus_fulanus,-55.45384,-11.283599,2645,1088
fulanus_fulanus,-55.32774,-11.405346,2645,1088
fulanus_fulanus,-58.258722,-9.81975,2402,1088
fulanus_fulanus,-55.587908,-11.35931,2644,1088
fulanus_fulanus,-55.641836,-11.582206,2644,1088
fulanus_fulanus,-55.417382,-11.550238,2645,1088
fulanus_fulanus,-55.081833,-11.652611,2645,1088
fulanus_fulanus,-59.4594,-10.1667,2400,1088
fulanus_fulanus,-60.6206,-3.29972,1370,1088
fulanus_fulanus,-64.7114,-3.35417,1362,1088
fulanus_fulanus,-37.756111,-6.224722,1811,1088
fulanus_fulanus,-61.0741,-1.4858,1053,1088
fulanus_fulanus,-51.095836,-1.608436,1073,1088
fulanus_fulanus,-59.2383,1.565,583,1088
fulanus_fulanus,-39.7222,-14.1722,3071,1088
fulanus_fulanus,-59.2497,1.65306,583,1088
fulanus_fulanus,-59.2406,1.61167,583,1088
fulanus_fulanus,-59.2397,1.52861,583,1088
fulanus_fulanus,-59.2381,1.5825,583,1088
fulanus_fulanus,-65.95,0.85,649,1088
fulanus_fulanus,-67.05,1.9333,488,1088
fulanus_fulanus,-62.9703,-0.8744,971,1088
fulanus_fulanus,-41.154738,-11.614455,2673,1088
fulanus_fulanus,-41.207416,-11.590722,2673,1088
fulanus_fulanus,-41.208083,-11.59225,2673,1088
fulanus_fulanus,-41.15115,-11.47333,2673,1088
fulanus_fulanus,-35.838611,-8.723055,2210,1088
fulanus_fulanus,-62.9702778,-0.8744445,971,1088
fulanus_fulanus,-73.9,-7.95,2055,1088
fulanus_fulanus,-63.3916666,0.95,654,1088
fulanus_fulanus,-65.2591667,0.4958333,729,1088
fulanus_fulanus,-72.7283334,-5.0513889,1583,1088
fulanus_fulanus,-72.6833333,-9.2,2215,1088
fulanus_fulanus,-72.2931555,-9.0438027,2216,1088
fulanus_fulanus,-73.0225,-8.21694,2056,1088
fulanus_fulanus,-47.98333,-1.5,1080,1088
fulanus_fulanus,-65.66666,-9.83333,2387,1088
fulanus_fulanus,-73.91666,-8.03333,2055,1088
fulanus_fulanus,-58.5833333,1.2666667,584,1088
fulanus_fulanus,-60.08333,2.31666,423,1088
fulanus_fulanus,-60.08333,-2.31666,1213,1088
fulanus_fulanus,-58.6,1.26666,584,1088
fulanus_fulanus,-39.06916,-14.78194,3230,1088
fulanus_fulanus,-59.7277778,-2.4072222,1214,1088
fulanus_fulanus,-65.07805,0.25416,729,1088
fulanus_fulanus,-39.20277,-14.77027,3230,1088
fulanus_fulanus,-63.61220169,-10.59689999,2470,1088
fulanus_fulanus,-59.45940018,-10.16670036,2400,1088
fulanus_fulanus,-68.95,-3.5,1354,1088
fulanus_fulanus,-71.5644,-4.5256,1506,1088
fulanus_fulanus,-59.761111,-2.407222,1214,1088
fulanus_fulanus,-63.366667,-0.7,891,1088
fulanus_fulanus,-60,-1.033333,977,1088
fulanus_fulanus,-68.133333,-1.033333,960,1088
fulanus_fulanus,-67.066667,-0.133333,804,1088
fulanus_fulanus,-60.25,-2.516667,1213,1088
fulanus_fulanus,-62.216667,-0.466667,893,1088
fulanus_fulanus,-60.283333,-2.683333,1213,1088
fulanus_fulanus,-64.945833,-0.441111,888,1088
fulanus_fulanus,-66.7,-2.716667,1200,1088
fulanus_fulanus,-58.44419861,-3.143059969,1296,1088
fulanus_fulanus,-60.36920166,-3.768059969,1450,1088
fulanus_fulanus,-61.044636,1.486452,579,1088
fulanus_fulanus,-61.013422,1.450148,579,1088
fulanus_fulanus,-62.601444,-0.988167,971,1088
fulanus_fulanus,-61.252889,1.012694,658,1088
fulanus_fulanus,-61.522286,-0.505665,894,1088
fulanus_fulanus,-61.515512,-0.475244,894,1088
fulanus_fulanus,-61.257,0.98751,658,1088
fulanus_fulanus,-61.502133,-0.455366,894,1088
fulanus_fulanus,-61.5129,-0.5669,894,1088
fulanus_fulanus,-67.544722,0.805833,645,1088
fulanus_fulanus,-61.496861,-0.616139,895,1088
fulanus_fulanus,-61.43192,-0.6221,895,1088
fulanus_fulanus,-63.55,2.7,416,1088
fulanus_fulanus,-58.724444,-2.166944,1137,1088
fulanus_fulanus,-58.02190018,-2.748889923,1217,1088
fulanus_fulanus,-58.95,1.416667,584,1088
fulanus_fulanus,-62.2240734,-6.948409,1920,1088
fulanus_fulanus,-67.383333,0.55,725,1088
fulanus_fulanus,-60.25,-2.52,1213,1088
fulanus_fulanus,-60.815849299999996,-2.6292723,1212,1088
fulanus_fulanus,-60.3608,-2.2761,1213,1088
fulanus_fulanus,-60.5089,-2.8275,1291,1088
fulanus_fulanus,-66.916667,-0.333333,884,1088
fulanus_fulanus,-63.236779,0.2457325,812,1088
fulanus_fulanus,-68.1522703,1.4704187,565,1088
fulanus_fulanus,-59.4734144,-1.9155557,1136,1088
fulanus_fulanus,-67.3145306,0.3701959,725,1088
fulanus_fulanus,-59.5,-1.5,1057,1088
fulanus_fulanus,-67.9161,-1.9217,1119,1088
fulanus_fulanus,-59.847157,-1.515667,1056,1088
fulanus_fulanus,-61.0184097,2.1471527,500,1088
fulanus_fulanus,-63.366667,0.7,733,1088
fulanus_fulanus,-63.5,-0.5,891,1088
fulanus_fulanus,-61.6603,0.8014,657,1088
fulanus_fulanus,-61.8,-0.4,894,1088
fulanus_fulanus,-73.65,-7.48,1976,1088
fulanus_fulanus,-67.06666,1.93333,488,1088
fulanus_fulanus,-60.29611,-2.68833,1213,1088
fulanus_fulanus,-58.6,1.26667,584,1088
fulanus_fulanus,-59.533333,-1.833333,1135,1088
fulanus_fulanus,-61.256944,-0.9875,974,1088
fulanus_fulanus,-62.601389,-0.988056,971,1088
fulanus_fulanus,-60.051111,-12.738611,2793,1088
fulanus_fulanus,-59.901322,-2.926187,1293,1088
fulanus_fulanus,-60.8031,-4.1781,1449,1088
fulanus_fulanus,-63.22,-9.08,2234,1088
fulanus_fulanus,-63.9039,-8.7619,2233,1088
fulanus_fulanus,-56.08610153,-9.875559807,2406,1088
fulanus_fulanus,-57.896111,-9.392778,2324,1088
fulanus_fulanus,-56.78,-9.354444,2326,1088
fulanus_fulanus,-55.085556,-9.543333,2329,1088
fulanus_fulanus,-55.19829941,-9.95028019,2408,1088
fulanus_fulanus,-69,-9.33333,2302,1088
fulanus_fulanus,-71.199167,-8.345278,2139,1088
fulanus_fulanus,-63.166667,-7.516667,1997,1088
fulanus_fulanus,-67.18560028,-10.33530045,2463,1088
fulanus_fulanus,-51.616667,0.166667,835,1088
fulanus_fulanus,-70.30503,-4.2873106,1509,1088
fulanus_fulanus,-63.31666,0.81666,654,1088
fulanus_fulanus,-59.13059998,-3.57972002,1373,1088
fulanus_fulanus,-60.266667,-3.383333,1371,1088
fulanus_fulanus,-62.585556,-3.859167,1445,1088
fulanus_fulanus,-63.709167,-4.2,1443,1088
fulanus_fulanus,-62.308806,-4.416361,1525,1088
fulanus_fulanus,-62.579389,-4.575444,1524,1088
fulanus_fulanus,-61.888708,-1.31629,1052,1088
fulanus_fulanus,-65.536417,-3.4375,1360,1088
fulanus_fulanus,-66.001667,-3.212222,1280,1088
fulanus_fulanus,-62.612222,-3.528667,1366,1088
fulanus_fulanus,-62.740028,-3.461167,1366,1088
fulanus_fulanus,-60.240544,-2.982036,1292,1088
fulanus_fulanus,-60.62060165,-3.299720049,1370,1088
fulanus_fulanus,-62.612222,-3.528611,1366,1088
fulanus_fulanus,-62.716667,-3.461111,1366,1088
fulanus_fulanus,-64.776388,-9.4388888,2310,1088
fulanus_fulanus,-64.776388,-9.4383333,2310,1088
fulanus_fulanus,-56.434,-13.1843,2880,1088
fulanus_fulanus,-55.666667,-5.916667,1775,1088
fulanus_fulanus,-63.05,-11.2,2550,1088
fulanus_fulanus,-64.833333,-3.333333,1362,1088
fulanus_fulanus,-56.383333,-1.466667,1063,1088
fulanus_fulanus,-59.763889,-2.407222,1214,1088
fulanus_fulanus,-61.008509,1.489514,579,1088
fulanus_fulanus,-61,1.28,580,1088
fulanus_fulanus,-60.975222,1.5765,580,1088
fulanus_fulanus,-61.009028,1.48675,579,1088
fulanus_fulanus,-61.014044,-5.388764,1685,1088
fulanus_fulanus,-61.9042,1.6031,578,1088
fulanus_fulanus,-65.055984,-2.794281,1282,1088
fulanus_fulanus,-59.35,-10.2,2400,1088
fulanus_fulanus,-62.9,-9.116667,2235,1088
fulanus_fulanus,-68.74810028,-11.01609993,2539,1088
fulanus_fulanus,-56.72140121,-13.4467001,2958,1088
fulanus_fulanus,-55.711667,-11.054444,2565,1088
fulanus_fulanus,-35.833611,-8.710278,2210,1088
fulanus_fulanus,-35.860056,-8.752222,2289,1088
fulanus_fulanus,-35.840833,-8.717778,2210,1088
fulanus_fulanus,-47.48329926,-1.626670003,1081,1088
fulanus_fulanus,-59.59389877,-4.38778019,1530,1088
fulanus_fulanus,-61.006944,1.4875,579,1088
fulanus_fulanus,-35.86,-8.752222,2289,1088
fulanus_fulanus,-55.711636,-11.532175,2644,1088
fulanus_fulanus,-59.93,-13.37,2952,1088
fulanus_fulanus,-52.5817,-1.52333,1070,1088
fulanus_fulanus,-67.63,-9.75,2383,1088
fulanus_fulanus,-61.29,-4.7086,1527,1088
fulanus_fulanus,-52.5266674,-0.8884408,991,1088
fulanus_fulanus,-63.4547,-8.7517,2234,1088
fulanus_fulanus,-63.4533,-8.7394,2155,1088
fulanus_fulanus,-63.575,2.742,416,1088
fulanus_fulanus,-60.0447357,-2.3488711,1213,1088
fulanus_fulanus,-59.74583333,-2.41625,1214,1088
fulanus_fulanus,-35.841111,-8.722778,2210,1088
fulanus_fulanus,-35.842778,-8.714722,2210,1088
fulanus_fulanus,-72.293156,-9.043803,2216,1088
fulanus_fulanus,-72.7144,-8.9711,2215,1088
fulanus_fulanus,-61.1318779,1.3183289,579,1088
fulanus_fulanus,-68.8832098,-10.9332518,2539,1088
fulanus_fulanus,-68.93,-10.95,2539,1088
fulanus_fulanus,-67.80999756,-9.974720001,2383,1088
fulanus_fulanus,-56.727778,-13.311944,2958,1088
fulanus_fulanus,-35.875025,-8.722811,2210,1088
fulanus_fulanus,-40.88,-20.3,4096,1088
fulanus_fulanus,-40.778611,-20.068056,4017,1088
fulanus_fulanus,-60.975278,1.576389,580,1088
fulanus_fulanus,-55.35518,-11.413818,2645,1088
fulanus_fulanus,-55.81605,-9.462639,2328,1088
fulanus_fulanus,-55.704444,-11.694167,2644,1088
fulanus_fulanus,-55.35839,-11.416612,2645,1088
fulanus_fulanus,-51.28939819,-0.115000002,836,1088
fulanus_fulanus,-67.437222,-8.455833,2147,1088
fulanus_fulanus,-61.2977457,-4.7243162,1527,1088
fulanus_fulanus,-65.335969,-4.857226,1598,1088
fulanus_fulanus,-67.563333,-8.278889,2146,1088
fulanus_fulanus,-67.563611,-8.298611,2146,1088
