"","c.0.479222077239811..0.450431147717687..0.45742404096462..0.32701987604224.."
"1",0.479222077239811
"2",0.450431147717687
"3",0.45742404096462
"4",0.32701987604224
"5",0.361802304995947
"6",0.3576739033355
"7",0.377954794473745
"8",0.262636772575283
"9",0.290228272736776
"10",0.356170947416271
"11",0.381449148895486
"12",0.531304654837371
"13",0.463345412311297
"14",0.325334190685092
"15",0.319346246423359
"16",0.320611352041163
"17",0.361394781853836
"18",0.364064620025651
"19",0.362652022051619
"20",0.288101557548228
"21",0.326373747518383
"22",0.353656844560865
"23",0.47590271268269
"24",0.407019000149067
"25",0.408420397764989
"26",0.371885238613878
"27",0.345844437471139
"28",0.336888209540328
"29",0.379065171548902
"30",0.381720411501159
"31",0.326350119796641
"32",0.336810310420444
"33",0.355027032190145
"34",0.319508714539306
"35",0.383677611157421
"36",0.401144884245874
"37",0.399481347911503
"38",0.408623199754802
"39",0.371038447494453
"40",0.349575352265422
"41",0.377999690291223
"42",0.373866695225484
"43",0.368530668436744
"44",0.355599383074209
"45",0.378858342464039
"46",0.337201379103871
"47",0.367715685075883
"48",0.39686524628927
"49",0.322676496721789
"50",0.294089092808119
"51",0.328700621915616
"52",0.333665621111141
"53",0.358808883444482
"54",0.409866628275029
"55",0.372904597048556
"56",0.392577270987444
"57",0.402575352454192
"58",0.394076262734982
"59",0.26054239999386
"60",0.301166334819354
"61",0.293817358277245
"62",0.298420485228459
"63",0.309738478559716
"64",0.324084438367168
"65",0.323481915731905
"66",0.342616091554497
"67",0.377417460439613
"68",0.397224192597333
"69",0.295664693746659
"70",0.423292208093343
"71",0.416469113533816
"72",0.477419952204676
"73",0.566267831143152
"74",0.658837784143807
"75",0.734885572925692
"76",0.287088900451407
"77",0.309988724763093
"78",0.347136411363734
"79",0.387445619272521
"80",0.406607607220306
"81",0.38594568367458
"82",0.392895317111399
"83",0.413799338285362
"84",0.432630129126917
"85",0.333484684988986
"86",0.292108548585236
"87",0.270672132860914
"88",0.265036559416108
"89",0.242080088349433
"90",0.302164613928377
"91",0.318187827362715
"92",0.32592743212473
"93",0.322088761076165
"94",0.352209166813542
"95",0.362982117999046
"96",0.37176417406892
"97",0.38282855479703
"98",0.366990933813499
"99",0.297316463412679
"100",0.33411788276233
"101",0.368048014802596
"102",0.409505039185839
"103",0.473231269965191
"104",0.546259524001143
"105",0.593112320903602
"106",0.563958292131644
"107",0.325815491466996
"108",0.295685710148954
"109",0.286618674180892
"110",0.328314429792602
"111",0.382898336803454
"112",0.341803719513083
"113",0.359886508910673
"114",0.375367700520548
"115",0.391362157979291
"116",0.414011578779199
"117",0.42104534074856
"118",0.421024292884584
"119",0.397827533236278
"120",0.43470559323861
"121",0.39899661780647
"122",0.369385010359389
"123",0.294682869096319
"124",0.277038718442442
"125",0.294094378370373
"126",0.287511808355078
"127",0.330923798615298
"128",0.348769933255306
"129",0.346331149662018
"130",0.375351560678665
"131",0.362986617019298
"132",0.38661566015194
"133",0.376547607908688
"134",0.379675433757466
"135",0.297018080838775
"136",0.293205208367877
"137",0.331753097040596
"138",0.317639450278875
"139",0.320403547644217
"140",0.349470868025867
"141",0.384642666732277
"142",0.423107307799497
"143",0.413654268478501
"144",0.425932157669079
"145",0.363384481425624
"146",0.337699889424781
"147",0.323007756751379
"148",0.330615474150487
"149",0.366973252349293
"150",0.354840338580535
"151",0.296789071269453
"152",0.339458817573162
"153",0.367357745541583
"154",0.43714157674237
"155",0.444607968274547
"156",0.464623637449696
"157",0.490055214619314
"158",0.449795244239856
"159",0.392669516633446
"160",0.371365617505633
"161",0.325323997100745
"162",0.32483137011401
"163",0.312265826782436
"164",0.299780636581793
"165",0.31317296140426
"166",0.318415956004995
"167",0.372895630469733
"168",0.388930295955622
"169",0.373715018465806
"170",0.37882448969627
"171",0.365030273372428
"172",0.404383014745022
"173",0.390362997943226
"174",0.333025375921459
"175",0.272540579117663
"176",0.288133050689991
"177",0.310179697161195
"178",0.319733571166857
"179",0.32360952430632
"180",0.336788224321026
"181",0.354839457653493
"182",0.34754613682345
"183",0.32369308652862
"184",0.280434188803683
"185",0.269712771850154
"186",0.295083250437051
"187",0.34741645177815
"188",0.389377523737997
"189",0.393326310666852
"190",0.364542019559225
"191",0.370804120901198
"192",0.41178151197158
"193",0.480347681768129
"194",0.472923952274144
"195",0.491185097936122
"196",0.51211013551238
"197",0.45770565446304
"198",0.434531232607592
"199",0.428961288227438
"200",0.36903141253694
"201",0.361379239783875
"202",0.336464829711456
"203",0.343674493934158
"204",0.360940915656963
"205",0.389029935096444
"206",0.415724038026099
"207",0.446898787586406
"208",0.414398494520856
"209",0.368340010655444
"210",0.337029441022219
"211",0.345243959845082
"212",0.370601444758105
"213",0.331010066542084
"214",0.303653160398128
"215",0.357368976732139
"216",0.295682752751026
"217",0.303206498925994
"218",0.309445979319987
"219",0.329568932824218
"220",0.33396579700081
"221",0.319199163068973
"222",0.318494484358481
"223",0.313693117361066
"224",0.314446687522406
"225",0.339544393342987
"226",0.361410732925638
"227",0.359784352835445
"228",0.382022254859872
"229",0.399623397397076
"230",0.446597636384655
"231",0.535298840970585
"232",0.525994930013181
"233",0.502836868231376
"234",0.515728134336846
"235",0.504305971382836
"236",0.446477232534979
"237",0.431170275709402
"238",0.397289916047026
"239",0.392021752102224
"240",0.412359620343099
"241",0.403570076393366
"242",0.387053921355492
"243",0.402997694047622
"244",0.429626262297665
"245",0.474071202438358
"246",0.462212917675042
"247",0.401715630584253
"248",0.367162274123229
"249",0.347027962952489
"250",0.331189429580235
"251",0.305516352554303
"252",0.366343263667317
"253",0.375183618230384
"254",0.415976580932122
"255",0.450438226595705
"256",0.419183910446469
"257",0.360769292192113
"258",0.296394195722736
"259",0.297948025178658
"260",0.307119765618036
"261",0.320232899491449
"262",0.324841972700198
"263",0.327012482547421
"264",0.327270468324099
"265",0.328358916608239
"266",0.335139223282853
"267",0.341496181590275
"268",0.347186812975226
"269",0.356131400084407
"270",0.375911704430857
"271",0.429404772069883
"272",0.481318243136999
"273",0.514136708173225
"274",0.487306439092172
"275",0.504893518258379
"276",0.519538678643418
"277",0.511351657328947
"278",0.462905483638702
"279",0.411683729069883
"280",0.402452085591628
"281",0.436356072975747
"282",0.455949432019145
"283",0.454034516860914
"284",0.419649008463131
"285",0.375478162479318
"286",0.383096828543095
"287",0.428683198437187
"288",0.423908007557601
"289",0.412004858438487
"290",0.344617400486236
"291",0.308992427739916
"292",0.315683540551496
"293",0.324781031425878
"294",0.334282081270681
"295",0.346448187111926
"296",0.390354094287763
"297",0.504964055345125
"298",0.475184222294642
"299",0.490734283522218
"300",0.596322481969157
"301",0.5267788606958
"302",0.514551467501754
"303",0.493759135292085
"304",0.29560400416578
"305",0.304584677822015
"306",0.309618829790362
"307",0.309840351479824
"308",0.325221306176955
"309",0.333565101043277
"310",0.338200004291375
"311",0.338744196971765
"312",0.346916557143316
"313",0.36922531087129
"314",0.374583549606168
"315",0.385110344606705
"316",0.403391971822418
"317",0.429010116754926
"318",0.479547957322107
"319",0.521338821592707
"320",0.50917938562764
"321",0.515285090957922
"322",0.529329993948663
"323",0.576133396013393
"324",0.487429643031375
"325",0.418102541040348
"326",0.392520325346494
"327",0.38143543160297
"328",0.415339450448768
"329",0.408255161021195
"330",0.362846895698051
"331",0.276617163391014
"332",0.309775225802052
"333",0.374230895634121
"334",0.3475498493017
"335",0.303193851330601
"336",0.310546634735999
"337",0.305681211757936
"338",0.295636504081305
"339",0.296089552274495
"340",0.282109019881203
"341",0.233292919756546
"342",0.29724473078209
"343",0.463537548791562
"344",0.541654855427605
"345",0.678320429534995
"346",0.700840637214804
"347",0.48221716626032
"348",0.415042987037349
"349",0.373141660807979
"350",0.382313023707196
"351",0.527122485165663
"352",0.409425252365149
"353",0.295704398386923
"354",0.306984039930159
"355",0.317764950920724
"356",0.317415317269966
"357",0.321765146234834
"358",0.341039892844036
"359",0.349412600994354
"360",0.34781230263695
"361",0.380212012711276
"362",0.378895184091416
"363",0.368668502057187
"364",0.373006407045304
"365",0.390342862467973
"366",0.412584791587451
"367",0.441569430673844
"368",0.476253195798811
"369",0.532142856918133
"370",0.540031055195179
"371",0.565861220389764
"372",0.606969806666091
"373",0.532620633991869
"374",0.430488658410411
"375",0.371147147599139
"376",0.355087092537423
"377",0.345421057642267
"378",0.32465597124755
"379",0.310875944141424
"380",0.288125436963411
"381",0.311791730725271
"382",0.325203939329549
"383",0.30014118743554
"384",0.307038437175022
"385",0.31096557846798
"386",0.305292597085555
"387",0.277943399053219
"388",0.265720913881266
"389",0.271731636399378
"390",0.252797383822871
"391",0.334141258790631
"392",0.418850542484313
"393",0.508784730312683
"394",0.562422018293208
"395",0.593232567444878
"396",0.445208917825806
"397",0.346238243320734
"398",0.338267961520353
"399",0.363656562034978
"400",0.459451494552507
"401",0.388331359951888
"402",0.296949274144434
"403",0.30752109080917
"404",0.303871504457901
"405",0.315126322735552
"406",0.327303062624665
"407",0.32590059531162
"408",0.340130398596207
"409",0.335564742505971
"410",0.349123562539435
"411",0.372804517444213
"412",0.367853267002885
"413",0.350438188841689
"414",0.361689955336371
"415",0.389605557995236
"416",0.412325075418368
"417",0.440613436062852
"418",0.492108781401669
"419",0.549867360702942
"420",0.647964187043718
"421",0.670007561500194
"422",0.648390429885478
"423",0.566810796818019
"424",0.446825702103574
"425",0.356776395987782
"426",0.327683214105103
"427",0.343384920630677
"428",0.3465602221547
"429",0.328109677178624
"430",0.298114394542935
"431",0.310731975493366
"432",0.359105346855901
"433",0.367829953897943
"434",0.348704839039215
"435",0.32359420246812
"436",0.284449989111114
"437",0.263726101786465
"438",0.257506851252764
"439",0.300374381408313
"440",0.377137105408397
"441",0.403339965665241
"442",0.41036926007603
"443",0.430896968094523
"444",0.446782033291619
"445",0.442317463579489
"446",0.408486184138042
"447",0.332673508491415
"448",0.335380125367246
"449",0.34265529280788
"450",0.373725621051993
"451",0.370126467773897
"452",0.310385928474137
"453",0.334061220276501
"454",0.290716243394858
"455",0.348259656266045
"456",0.328714968441734
"457",0.326742698640712
"458",0.346000455942669
"459",0.331037564050476
"460",0.312379686602655
"461",0.32110869827991
"462",0.34213381546051
"463",0.354492749938982
"464",0.354414253047175
"465",0.346087007024577
"466",0.373463985720426
"467",0.405628047810933
"468",0.421430903637973
"469",0.445245916761583
"470",0.509086447824676
"471",0.621659642636847
"472",0.708875950307916
"473",0.717859266745278
"474",0.682761686142184
"475",0.545827743903688
"476",0.419841365175156
"477",0.345358134282102
"478",0.308022495604647
"479",0.320185455277884
"480",0.33329198219848
"481",0.338309616784783
"482",0.334695487746967
"483",0.348269535233591
"484",0.347349784478055
"485",0.375597465170191
"486",0.359801310681009
"487",0.321570083818322
"488",0.267016851945551
"489",0.240620864165519
"490",0.25997522455617
"491",0.294340094091819
"492",0.379284365074038
"493",0.425090746496948
"494",0.409446205844084
"495",0.406607701605347
"496",0.377806169497035
"497",0.366217448408667
"498",0.328847485038242
"499",0.290373562775397
"500",0.298792425210397
"501",0.311069653705693
"502",0.283225248828856
"503",0.283388943950326
"504",0.273797756392087
"505",0.283478200736721
"506",0.300270935404201
"507",0.254592603019228
"508",0.230495771896276
"509",0.234858547342499
"510",0.241048648629603
"511",0.213327038690128
"512",0.219325790038969
"513",0.225437504550147
"514",0.534714094184569
"515",0.482071718913298
"516",0.352002086035238
"517",0.335564113272369
"518",0.34015437239643
"519",0.335881372854323
"520",0.326546849682198
"521",0.346193316041576
"522",0.337738555829602
"523",0.332507044742097
"524",0.355166659126352
"525",0.381105555887303
"526",0.396415218417367
"527",0.42673572044007
"528",0.446271221453797
"529",0.446227930182004
"530",0.484644843880539
"531",0.704562805662023
"532",0.722269942599427
"533",0.676650506479568
"534",0.620057173423516
"535",0.515183658501335
"536",0.453325999825453
"537",0.369762833675502
"538",0.343641742325192
"539",0.320117403663865
"540",0.325476334555705
"541",0.327535847595596
"542",0.327074273287103
"543",0.342333376897275
"544",0.356000110493422
"545",0.372779064945027
"546",0.355710694498342
"547",0.300160882447272
"548",0.267869557860831
"549",0.269417094980737
"550",0.288573765904588
"551",0.310834509108756
"552",0.339570632384176
"553",0.394412179093225
"554",0.398272904779528
"555",0.357929718256252
"556",0.350065305009349
"557",0.317183853689598
"558",0.286754588638849
"559",0.260168824004558
"560",0.273356726560688
"561",0.255605181461848
"562",0.237845047324346
"563",0.258334608055739
"564",0.242639791638103
"565",0.256105768253643
"566",0.278210603102161
"567",0.229445439437557
"568",0.213183007118709
"569",0.228176731457383
"570",0.247947550107289
"571",0.250616412967021
"572",0.230527327961399
"573",0.215230501796809
"574",0.240588002440672
"575",0.277244477830182
"576",0.518065737166988
"577",0.496930409721057
"578",0.388508457749073
"579",0.352142530975127
"580",0.351412242457048
"581",0.333567995517845
"582",0.329079735160612
"583",0.347156546838987
"584",0.340749438613513
"585",0.350718197794425
"586",0.352380758816713
"587",0.371368858058681
"588",0.393171582124205
"589",0.42745125343019
"590",0.427843360349061
"591",0.428172858524566
"592",0.519502214556202
"593",0.564994954490368
"594",0.587797310517158
"595",0.582865188777319
"596",0.53687255420832
"597",0.490054144922191
"598",0.437035959882333
"599",0.394279693958397
"600",0.372455953490578
"601",0.340543364608972
"602",0.33701455964754
"603",0.305621591874179
"604",0.28400335910066
"605",0.300709479762873
"606",0.326876505166104
"607",0.354181625384644
"608",0.338097690907746
"609",0.320224436299506
"610",0.28474909530366
"611",0.260323757048125
"612",0.272288508136841
"613",0.314564448590956
"614",0.314907915752418
"615",0.326720014769373
"616",0.3545377401415
"617",0.311336731907915
"618",0.297380236238206
"619",0.28789667908753
"620",0.26606881713962
"621",0.25045630447708
"622",0.280047398908747
"623",0.257136673124912
"624",0.234206850101267
"625",0.250883302399162
"626",0.269887793176454
"627",0.252663404258239
"628",0.239380959353461
"629",0.242366625600786
"630",0.262725510243956
"631",0.264042747865657
"632",0.23861922488614
"633",0.226040719342371
"634",0.252256840697371
"635",0.207546772978621
"636",0.227941476744565
"637",0.264594711581027
"638",0.344930161047937
"639",0.323900890925566
"640",0.366955507961726
"641",0.393143958769093
"642",0.43128388383618
"643",0.470876331749324
"644",0.438923817995693
"645",0.375428138407987
"646",0.357030165899328
"647",0.344859718346232
"648",0.324781031425878
"649",0.332781925440979
"650",0.348942594955599
"651",0.347524270955793
"652",0.349500190311704
"653",0.347666446288087
"654",0.348480863338706
"655",0.36053619260438
"656",0.359048841678472
"657",0.361634677164466
"658",0.392192935103554
"659",0.475609993211201
"660",0.491217314696527
"661",0.522750129637855
"662",0.511437107252052
"663",0.463114546502851
"664",0.42908386293304
"665",0.400973890014625
"666",0.376138543144253
"667",0.356163774153212
"668",0.338352278822975
"669",0.329710887924751
"670",0.308168666570312
"671",0.296577397085857
"672",0.342713496916033
"673",0.361789814708954
"674",0.342086654402066
"675",0.336494529537454
"676",0.343817046806613
"677",0.329976644736409
"678",0.308109015224875
"679",0.288385971136175
"680",0.293318124337694
"681",0.294450084125388
"682",0.281067449500387
"683",0.284441211302371
"684",0.282566598556325
"685",0.267589454523055
"686",0.269322741402169
"687",0.281275096588932
"688",0.263634453912384
"689",0.244838758574961
"690",0.234204600591141
"691",0.223021593598279
"692",0.249178755764803
"693",0.273707429908569
"694",0.220494150990519
"695",0.217398526171305
"696",0.245251520086805
"697",0.249368092155541
"698",0.243807869434532
"699",0.245873548963719
"700",0.232992492173436
"701",0.242003463427591
"702",0.227582955169183
"703",0.274686234237621
"704",0.266578496356959
"705",0.27131750630445
"706",0.25038402126709
"707",0.240727660838559
"708",0.322244370545853
"709",0.340524047137401
"710",0.366020466829669
"711",0.383486135372438
"712",0.395285114868798
"713",0.39307436553275
"714",0.374303288959991
"715",0.352048334704959
"716",0.3352941091339
"717",0.329595014557006
"718",0.348308327485133
"719",0.358042508379348
"720",0.360525841711633
"721",0.335655981378211
"722",0.330088239315662
"723",0.335468123686437
"724",0.345746654569443
"725",0.348607087599198
"726",0.340749879077034
"727",0.354405286468352
"728",0.382724857099478
"729",0.43295836883522
"730",0.442789168548969
"731",0.456488527907362
"732",0.453230073162881
"733",0.420652195594247
"734",0.394045619058582
"735",0.380408050439871
"736",0.357234635358186
"737",0.35437042692682
"738",0.352740334358377
"739",0.331193110596805
"740",0.301499545473109
"741",0.328598497302068
"742",0.322734354751461
"743",0.336220529765614
"744",0.345618825763267
"745",0.331922235032721
"746",0.337080062865472
"747",0.334577600831697
"748",0.323690758364294
"749",0.314769327051654
"750",0.306244470216456
"751",0.293755158535722
"752",0.275854123263969
"753",0.258283356978885
"754",0.266265861641978
"755",0.269958487571599
"756",0.264810758938154
"757",0.278397170865051
"758",0.268683408601209
"759",0.252372871373516
"760",0.235361902762142
"761",0.230932035283143
"762",0.23594372361191
"763",0.227594045411413
"764",0.214656829522182
"765",0.229674747892839
"766",0.258762250942263
"767",0.240213341023408
"768",0.222020687438969
"769",0.213057994132901
"770",0.195890299162195
"771",0.221654677983728
"772",0.240664281284033
"773",0.271053102345035
"774",0.251032792572075
"775",0.24076615420414
"776",0.229751829009042
"777",0.212947972637652
"778",0.229362160370378
"779",0.230049047500783
"780",0.306941346430287
"781",0.323287576934034
"782",0.342468190196429
"783",0.353038465238841
"784",0.351648330904388
"785",0.347608021948173
"786",0.344095577060385
"787",0.325172855189628
"788",0.317234727226291
"789",0.318369078101672
"790",0.332383714956173
"791",0.351337426581812
"792",0.357474530668816
"793",0.353149241814412
"794",0.325373266091754
"795",0.32187755881777
"796",0.308436374006135
"797",0.313921308926706
"798",0.321491240848035
"799",0.320060080482755
"800",0.324494855983846
"801",0.341724341694234
"802",0.366458728033221
"803",0.412743232608347
"804",0.430136759518686
"805",0.408397179045088
"806",0.367578386304002
"807",0.354918143315379
"808",0.33625715116123
"809",0.345721422302016
"810",0.343643913181118
"811",0.330269143976137
"812",0.310365604228804
"813",0.315442984545584
"814",0.354003929815537
"815",0.318671833849107
"816",0.318032626894868
"817",0.329440789401241
"818",0.331966784771718
"819",0.325160962674556
"820",0.312521641703188
"821",0.31610018758083
"822",0.295665826367142
"823",0.307849047362352
"824",0.294545727632839
"825",0.282811307504008
"826",0.267259138343867
"827",0.268167783126335
"828",0.271767660023073
"829",0.275061477695967
"830",0.273618770894096
"831",0.265843582971908
"832",0.246388435089112
"833",0.238133456545663
"834",0.227081062717665
"835",0.224694348204914
"836",0.217455157195454
"837",0.209697399044032
"838",0.215670304622685
"839",0.245341626338562
"840",0.246582962657063
"841",0.223755500209567
"842",0.210250165032244
"843",0.235724058161573
"844",0.240669960117288
"845",0.243568304471543
"846",0.280160126108483
"847",0.246495719418194
"848",0.233525264263956
"849",0.218041697297235
"850",0.195955975419368
"851",0.23297487363259
"852",0.231325966979458
"853",0.218031346404488
"854",0.297877771247034
"855",0.427452386050673
"856",0.333034594193723
"857",0.338900750291856
"858",0.338537776888742
"859",0.343809684773473
"860",0.323976398957764
"861",0.316531904754925
"862",0.311562343615788
"863",0.304564353576682
"864",0.301664656370183
"865",0.304423814251752
"866",0.319499936730563
"867",0.325998755753478
"868",0.332781862517619
"869",0.333243279517712
"870",0.32971066769299
"871",0.33892507017056
"872",0.317894761812745
"873",0.314708983549255
"874",0.30320492584199
"875",0.290210654195929
"876",0.318511599512446
"877",0.302830217232205
"878",0.34267416981593
"879",0.352324253639284
"880",0.344360547330041
"881",0.345756690845389
"882",0.319613356087261
"883",0.314497246442299
"884",0.308756433677616
"885",0.325556813533356
"886",0.322511606056476
"887",0.312032192346142
"888",0.299110597181073
"889",0.292915729449436
"890",0.314454269787306
"891",0.317121842718155
"892",0.306175978138916
"893",0.306527247797039
"894",0.308674916464522
"895",0.30281690894153
"896",0.286155149248234
"897",0.291085037208787
"898",0.297215660189694
"899",0.297619313545154
"900",0.305798186284483
"901",0.327694823465054
"902",0.287464364141514
"903",0.271702502883622
"904",0.279709217309538
"905",0.267159058739524
"906",0.27652803245134
"907",0.289759336395143
"908",0.259782207148863
"909",0.234261735002171
"910",0.223385998507836
"911",0.221285805515599
"912",0.236233753109752
"913",0.23011255290203
"914",0.225494922116297
"915",0.240479145027586
"916",0.253228880765205
"917",0.250788901628074
"918",0.228534120412282
"919",0.24966826804521
"920",0.252860055489596
"921",0.232709321321852
"922",0.245682828259058
"923",0.21935273696796
"924",0.204270526654053
"925",0.220241088966774
"926",0.220068065457159
"927",0.23495768309644
"928",0.240025215907354
"929",0.246620559364762
"930",0.249740095060838
"931",0.398654597882291
"932",0.350483367814288
"933",0.34918274195967
"934",0.342863789361788
"935",0.338139377633855
"936",0.308657077691915
"937",0.29884304705365
"938",0.289768397359007
"939",0.289231881328558
"940",0.288693162980502
"941",0.294579360168847
"942",0.302334821617624
"943",0.311813785363009
"944",0.32008134857849
"945",0.325994602811707
"946",0.335591516395721
"947",0.35153462839257
"948",0.339131584638622
"949",0.329705696747537
"950",0.306301856320927
"951",0.299150490591417
"952",0.305643772358638
"953",0.288700682322042
"954",0.290939086474883
"955",0.300888654030944
"956",0.297947616176817
"957",0.288303730304439
"958",0.291981317550981
"959",0.290894977199407
"960",0.288588112430706
"961",0.282050186539449
"962",0.29256316986243
"963",0.271890801038916
"964",0.280321902067468
"965",0.281233409862823
"966",0.297094469798016
"967",0.306067781421112
"968",0.323946919363527
"969",0.318280482010559
"970",0.315154858479387
"971",0.288800636079665
"972",0.274615319610715
"973",0.274122346545499
"974",0.261346796499373
"975",0.277790904289858
"976",0.29490020638233
"977",0.303889091537067
"978",0.292915509217676
"979",0.294003296806534
"980",0.278027968049281
"981",0.281775431687287
"982",0.284910462260804
"983",0.29319114499688
"984",0.262733721742457
"985",0.242523619384398
"986",0.247301311467551
"987",0.238949572527008
"988",0.269098325238139
"989",0.257202365112924
"990",0.247433812333219
"991",0.236052706871717
"992",0.24010003178259
"993",0.23679243389382
"994",0.227659878976986
"995",0.248764767247436
"996",0.255654702146298
"997",0.224516920060088
"998",0.229208297023934
"999",0.236229788938062
"1000",0.216131202505055
"1001",0.237905579596825
"1002",0.239731678432183
"1003",0.249603032251558
"1004",0.248574345428735
"1005",0.24571778218563
"1006",0.259066721351263
"1007",0.380330717630228
"1008",0.349687859233398
"1009",0.372115884190564
"1010",0.365106567946628
"1011",0.344439547608728
"1012",0.332896666188241
"1013",0.312898143628738
"1014",0.300242808662207
"1015",0.278231871197897
"1016",0.276724888183617
"1017",0.273104183654664
"1018",0.287513633132523
"1019",0.291257321368919
"1020",0.293664360127003
"1021",0.298912986368473
"1022",0.314795629016203
"1023",0.328787110074164
"1024",0.336165377440429
"1025",0.344826211656944
"1026",0.342473601605403
"1027",0.322177703245758
"1028",0.311250275211048
"1029",0.303921182450752
"1030",0.303634346313438
"1031",0.290998014201678
"1032",0.269954460476549
"1033",0.279775066605951
"1034",0.264469336785897
"1035",0.267408298169139
"1036",0.276435692420297
"1037",0.262979956581624
"1038",0.280503750578346
"1039",0.26331722579211
"1040",0.257536897157243
"1041",0.288152934471803
"1042",0.296546659024416
"1043",0.297620509088998
"1044",0.316623835784126
"1045",0.337043126853055
"1046",0.326929832713844
"1047",0.314020822220807
"1048",0.299556220417763
"1049",0.281567690213701
"1050",0.268728398803728
"1051",0.263261255463243
"1052",0.2770076657642
"1053",0.305612625295356
"1054",0.300195867835524
"1055",0.298977765967764
"1056",0.296621789516454
"1057",0.299833523666012
"1058",0.295308201449642
"1059",0.286869518156191
"1060",0.258677650484521
"1061",0.249467589718802
"1062",0.238453044291943
"1063",0.222812279040689
"1064",0.221735896310861
"1065",0.211082436586311
"1066",0.212039941357946
"1067",0.21705007233355
"1068",0.214262127014705
"1069",0.223795094733951
"1070",0.226321247412828
"1071",0.221208881707796
"1072",0.21163024735991
"1073",0.228208995410308
"1074",0.243800743363993
"1075",0.275200506860252
"1076",0.28693769561693
"1077",0.249967012428434
"1078",0.257320141912314
"1079",0.257787379323221
"1080",0.266866087574595
"1081",0.26106392453375
"1082",0.23911793970797
"1083",0.48996992200461
"1084",0.468559934091558
"1085",0.321754512186966
"1086",0.352004823201405
"1087",0.392839409705892
"1088",0.391986955484053
"1089",0.376654577620969
"1090",0.351098538044944
"1091",0.310792916767686
"1092",0.298730005237113
"1093",0.29182470130753
"1094",0.291240520831755
"1095",0.283574190322653
"1096",0.282535011029522
"1097",0.285687314065405
"1098",0.297340877676423
"1099",0.293534329003222
"1100",0.318062767184387
"1101",0.334617242548602
"1102",0.329216404698892
"1103",0.339782306567772
"1104",0.342769781861701
"1105",0.337291548278988
"1106",0.314032431580758
"1107",0.293784323513159
"1108",0.301593584434876
"1109",0.327009839766294
"1110",0.352456518542352
"1111",0.314995819686569
"1112",0.256254755039675
"1113",0.254816641643096
"1114",0.26580991897422
"1115",0.263704566266448
"1116",0.265598748177505
"1117",0.261397843075307
"1118",0.283521586393555
"1119",0.295013845970789
"1120",0.296819463252413
"1121",0.299782775976039
"1122",0.309310442402191
"1123",0.332692857424665
"1124",0.318066636971037
"1125",0.30547708837756
"1126",0.30297645112123
"1127",0.290120138942331
"1128",0.292267681763094
"1129",0.268235677431953
"1130",0.273141371360522
"1131",0.289874800761047
"1132",0.289613071044439
"1133",0.283891670136367
"1134",0.289985986338459
"1135",0.297097175502503
"1136",0.289990737052151
"1137",0.287844389775232
"1138",0.264795562946675
"1139",0.229830200054128
"1140",0.213747822930393
"1141",0.180061031254726
"1142",0.174894472805752
"1143",0.179953259269603
"1144",0.199539696743384
"1145",0.210405632924372
"1146",0.217640906954662
"1147",0.216386388192206
"1148",0.213607566760585
"1149",0.20226338158066
"1150",0.202310322407343
"1151",0.219196576918869
"1152",0.243277158084058
"1153",0.300873426577784
"1154",0.316477192893261
"1155",0.281635018209078
"1156",0.286192683032573
"1157",0.317412359872038
"1158",0.290704319418106
"1159",0.233626460757942
"1160",0.23686871273718
"1161",0.39476451844847
"1162",0.615755354982454
"1163",0.337954257108249
"1164",0.351535603704652
"1165",0.368676745017368
"1166",0.374589023938502
"1167",0.378616748222684
"1168",0.369760159432695
"1169",0.326188501146056
"1170",0.295769177986213
"1171",0.285215294479125
"1172",0.286896826894503
"1173",0.294100576321349
"1174",0.294428438489491
"1175",0.290263761511909
"1176",0.298753538573814
"1177",0.293785802212122
"1178",0.317980620737691
"1179",0.33395808888919
"1180",0.333588665841659
"1181",0.332750967147778
"1182",0.329850546322638
"1183",0.338703642866138
"1184",0.336106544098674
"1185",0.324582602609597
"1186",0.31344730725458
"1187",0.328023220481757
"1188",0.342795171437528
"1189",0.327740757517974
"1190",0.322986834734124
"1191",0.29388002994397
"1192",0.265135097398127
"1193",0.265556809757955
"1194",0.272834966058197
"1195",0.275414037282973
"1196",0.280452342193091
"1197",0.296615245486996
"1198",0.306073413061846
"1199",0.310509572876862
"1200",0.298327106961974
"1201",0.317370704607609
"1202",0.313480153248587
"1203",0.302475266557513
"1204",0.287381053612655
"1205",0.276829749963333
"1206",0.283334515243783
"1207",0.276392715765304
"1208",0.25720837429382
"1209",0.269480301496023
"1210",0.276501069791509
"1211",0.272915507959209
"1212",0.275163602309515
"1213",0.288257261402957
"1214",0.280038998640165
"1215",0.268160641324956
"1216",0.255007928657999
"1217",0.227898625936293
"1218",0.213116418472815
"1219",0.180236021119346
"1220",0.175043695554384
"1221",0.176229360429979
"1222",0.205702898294017
"1223",0.201231013741267
"1224",0.212020482308815
"1225",0.198751723234873
"1226",0.193009258731986
"1227",0.190345476933587
"1228",0.183286608543521
"1229",0.205436008861875
"1230",0.212035458068534
"1231",0.212077018947924
"1232",0.213279122551362
"1233",0.234646070886061
"1234",0.259331675890079
"1235",0.289970381345138
"1236",0.272681433059394
"1237",0.262307651939938
"1238",0.277107682445183
"1239",0.466510048325772
"1240",0.708703854917863
"1241",0.337520935388471
"1242",0.337685700207064
"1243",0.352885026625078
"1244",0.347924589373165
"1245",0.343449259766446
"1246",0.322133279353482
"1247",0.28616505967746
"1248",0.281672520531736
"1249",0.288753632329621
"1250",0.287766490655348
"1251",0.293864015948808
"1252",0.294326250952582
"1253",0.292520476362558
"1254",0.301003961088447
"1255",0.313897146356402
"1256",0.325191826582718
"1257",0.332978403633096
"1258",0.328274756614018
"1259",0.328257704383413
"1260",0.329936908634465
"1261",0.342562355004916
"1262",0.328887881835468
"1263",0.327149812780982
"1264",0.323534834277804
"1265",0.323563275636599
"1266",0.323323506172689
"1267",0.313174503026584
"1268",0.316337345725294
"1269",0.30774201472671
"1270",0.285627127871407
"1271",0.276199100586076
"1272",0.277492427330914
"1273",0.282814076131856
"1274",0.29009669999067
"1275",0.314314202387578
"1276",0.311294667641645
"1277",0.29974159263681
"1278",0.296120636414417
"1279",0.303671596942656
"1280",0.289142278463682
"1281",0.278936298214947
"1282",0.273481188967095
"1283",0.262721593264785
"1284",0.265675546138587
"1285",0.265413470343498
"1286",0.248044766698744
"1287",0.252883384325377
"1288",0.259790701802485
"1289",0.261389804616046
"1290",0.27241001314532
"1291",0.265928969971652
"1292",0.252123993753222
"1293",0.231525182337741
"1294",0.215179046219034
"1295",0.192826183215585
"1296",0.193358341803343
"1297",0.181764398076081
"1298",0.181279306161727
"1299",0.197710325893297
"1300",0.198039635298722
"1301",0.216365607752511
"1302",0.191428828425553
"1303",0.183858550425743
"1304",0.186672262860576
"1305",0.216307545221919
"1306",0.205382146465574
"1307",0.199721749755182
"1308",0.18298948443682
"1309",0.164733419836175
"1310",0.189606552184326
"1311",0.17969701961617
"1312",0.219950115618529
"1313",0.298815455160217
"1314",0.389530333118158
"1315",0.450919841994411
"1316",0.877598774101932
"1317",0.909469518949028
"1318",0.333711586625742
"1319",0.325545392943486
"1320",0.319441355082249
"1321",0.31494686531236
"1322",0.301263488487449
"1323",0.282848589594906
"1324",0.28478348291999
"1325",0.29945960159823
"1326",0.281175992296672
"1327",0.300344555735595
"1328",0.305438012970897
"1329",0.298025200679901
"1330",0.323261149122765
"1331",0.329159112979461
"1332",0.322677755188992
"1333",0.323597065481008
"1334",0.334953851063806
"1335",0.332049466066975
"1336",0.329040502445549
"1337",0.341518896923295
"1338",0.323621448283072
"1339",0.330245390407675
"1340",0.303236859447274
"1341",0.306434781919276
"1342",0.297582660687858
"1343",0.309140801023186
"1344",0.302164047618135
"1345",0.310128037082499
"1346",0.298102061564343
"1347",0.26561215085322
"1348",0.276859638559411
"1349",0.272072932704915
"1350",0.27610569085791
"1351",0.287180296632047
"1352",0.299245064401746
"1353",0.321996106428321
"1354",0.309319723597816
"1355",0.301885108362522
"1356",0.279321231870759
"1357",0.270051236604483
"1358",0.266700976677521
"1359",0.282531078319512
"1360",0.293533101997698
"1361",0.291871044362292
"1362",0.287211349310289
"1363",0.272594158358844
"1364",0.268853553367096
"1365",0.26630877537361
"1366",0.264656407935669
"1367",0.235895964781545
"1368",0.229070966790373
"1369",0.223472911399065
"1370",0.210655611703469
"1371",0.201809499652947
"1372",0.226075044035342
"1373",0.200183575757115
"1374",0.185619161774009
"1375",0.190629450058013
"1376",0.202793416505012
"1377",0.217618301737523
"1378",0.200953568915458
"1379",0.187802319216625
"1380",0.204380799842743
"1381",0.194824833635356
"1382",0.206525275149697
"1383",0.200675447663528
"1384",0.202034277626298
"1385",0.17703303331685
"1386",0.186841495237741
"1387",0.19588073481145
"1388",0.254685477898832
"1389",0.28125134302047
"1390",0.516950105991256
"1391",0.881117637172457
"1392",0.953764103720606
"1393",0.938239400607177
"1394",0.321671264581468
"1395",0.305922050918969
"1396",0.297165258578202
"1397",0.30264918672501
"1398",0.293071747920966
"1399",0.283910704452817
"1400",0.271777318758858
"1401",0.27357054013853
"1402",0.29484282027786
"1403",0.346457657077631
"1404",0.383754597888583
"1405",0.341808784843576
"1406",0.337148869559813
"1407",0.328603373862481
"1408",0.321221960328207
"1409",0.321853899634348
"1410",0.323220752325539
"1411",0.321332894212179
"1412",0.327794965992757
"1413",0.329194192752753
"1414",0.325292441035622
"1415",0.303610246666495
"1416",0.290692112286234
"1417",0.296927439738457
"1418",0.278873846779983
"1419",0.281216703710699
"1420",0.296465708121564
"1421",0.308379176671745
"1422",0.301566684698406
"1423",0.284526755610516
"1424",0.268381376472416
"1425",0.265649527329158
"1426",0.279276461900001
"1427",0.281152993808531
"1428",0.305784091451806
"1429",0.306327529051874
"1430",0.303868043673092
"1431",0.304226203439153
"1432",0.285558321177066
"1433",0.276388090898332
"1434",0.314007451006772
"1435",0.311017301470036
"1436",0.319062839609174
"1437",0.310612169415611
"1438",0.298898104993794
"1439",0.29936465024774
"1440",0.274776718029539
"1441",0.275966284153464
"1442",0.263784416010498
"1443",0.256218495453379
"1444",0.244443662796483
"1445",0.224492851874825
"1446",0.234786043900749
"1447",0.233293486066787
"1448",0.232766660233803
"1449",0.206030980693919
"1450",0.201641242587865
"1451",0.19928344135911
"1452",0.212463116685898
"1453",0.210702725569393
"1454",0.194467712104738
"1455",0.197950756052489
"1456",0.204730811033663
"1457",0.187953130780101
"1458",0.200492576648047
"1459",0.203149484069348
"1460",0.210798825271205
"1461",0.192477666454469
"1462",0.189386933926509
"1463",0.232641505670434
"1464",0.25375603694583
"1465",0.338203748231305
"1466",0.43918136330885
"1467",0.863527726455042
"1468",0.863353491670744
"1469",0.301152114139956
"1470",0.301767378755653
"1471",0.28306300094467
"1472",0.276192745326699
"1473",0.285935232104456
"1474",0.328338309207785
"1475",0.428043582481107
"1476",0.52566351267519
"1477",0.401895559932646
"1478",0.352248839992126
"1479",0.304945165752402
"1480",0.319238018243875
"1481",0.325215076764299
"1482",0.322417692941429
"1483",0.312642328707985
"1484",0.305574367892375
"1485",0.298673625906405
"1486",0.29234227740657
"1487",0.275257955888083
"1488",0.267585993738246
"1489",0.277882048777057
"1490",0.291776155935162
"1491",0.303884655440176
"1492",0.299755404314367
"1493",0.293592658958095
"1494",0.272413127851649
"1495",0.250996312754019
"1496",0.264041583783494
"1497",0.276195860033027
"1498",0.286450259807409
"1499",0.291586913929465
"1500",0.280329358485647
"1501",0.281704705830461
"1502",0.285594470647481
"1503",0.311897032968507
"1504",0.310203356344617
"1505",0.321372189850602
"1506",0.316016688281891
"1507",0.303326273542069
"1508",0.299495153296723
"1509",0.284508476374388
"1510",0.28219135509798
"1511",0.282922556004781
"1512",0.279907614664139
"1513",0.277793515609305
"1514",0.25906189198337
"1515",0.24453771748909
"1516",0.235527312545176
"1517",0.233724196467119
"1518",0.217672698982386
"1519",0.193042639574553
"1520",0.187893479434665
"1521",0.202200584067215
"1522",0.209392614018231
"1523",0.208298785786797
"1524",0.191173422506642
"1525",0.192718647193062
"1526",0.199536723614616
"1527",0.218174795934825
"1528",0.206958832832076
"1529",0.194695258705935
"1530",0.194508407787925
"1531",0.203033768010004
"1532",0.20955992723291
"1533",0.262441946121371
"1534",0.28763406844388
"1535",0.340709167663007
"1536",0.453866228334152
"1537",0.6863151570608
"1538",0.2968144293836
"1539",0.287083489042433
"1540",0.293745122259776
"1541",0.334979806949874
"1542",0.40007389719418
"1543",0.479178156734416
"1544",0.306192967446161
"1545",0.314993648830643
"1546",0.329405741089629
"1547",0.324824259774312
"1548",0.307365512801161
"1549",0.301251627434058
"1550",0.292668377720627
"1551",0.284933240517184
"1552",0.279901007711322
"1553",0.26652570365778
"1554",0.280190738323203
"1555",0.282306976772283
"1556",0.298597677410685
"1557",0.290846777905521
"1558",0.302349986147424
"1559",0.288609915375004
"1560",0.283550940141072
"1561",0.276238301839459
"1562",0.274684157766735
"1563",0.268219002741509
"1564",0.256807426642847
"1565",0.271655467671898
"1566",0.281614316423584
"1567",0.288625174289844
"1568",0.305428354235112
"1569",0.309697704222329
"1570",0.298462832649851
"1571",0.301121439001876
"1572",0.304395876279839
"1573",0.280794204808869
"1574",0.275712042316716
"1575",0.281744725087526
"1576",0.283158707375481
"1577",0.28096607996716
"1578",0.284759792274888
"1579",0.266121326683678
"1580",0.242955635444453
"1581",0.231455541908878
"1582",0.223003644709792
"1583",0.219254356294341
"1584",0.197338024102039
"1585",0.178467591543579
"1586",0.188396189889866
"1587",0.210344487149132
"1588",0.213511105249452
"1589",0.195984054968842
"1590",0.187635257695386
"1591",0.222864882969787
"1592",0.195403303816196
"1593",0.186478380257067
"1594",0.264088996535378
"1595",0.235470775906068
"1596",0.231314420542867
"1597",0.280856373088712
"1598",0.324301366651338
"1599",0.432439974732498
"1600",0.673519691771182
"1601",0.534177106228918
"1602",0.310362772677596
"1603",0.294806230343924
"1604",0.324372155431524
"1605",0.300286225780721
"1606",0.30479603738881
"1607",0.330636899554624
"1608",0.325902766167545
"1609",0.309141493180147
"1610",0.30057479231044
"1611",0.291311875922183
"1612",0.271139842197023
"1613",0.275748223248811
"1614",0.270697931438582
"1615",0.278028125357681
"1616",0.286350840898348
"1617",0.301119551301071
"1618",0.299084137908123
"1619",0.296602943970084
"1620",0.302648526029728
"1621",0.305493700144643
"1622",0.291204528669741
"1623",0.292241977570466
"1624",0.284175423029032
"1625",0.280643314591192
"1626",0.27803542446746
"1627",0.279990421806117
"1628",0.286343164248408
"1629",0.293920741357997
"1630",0.290754374951118
"1631",0.293136338750176
"1632",0.276550150012438
"1633",0.270305541364591
"1634",0.274260998169624
"1635",0.264824916694192
"1636",0.265420706529917
"1637",0.272087405077753
"1638",0.268234041424589
"1639",0.265099608622993
"1640",0.268962788320343
"1641",0.244414246125605
"1642",0.239184528353865
"1643",0.229725589967853
"1644",0.221330182215355
"1645",0.207080243455515
"1646",0.171309115474372
"1647",0.163205703574721
"1648",0.197206136739132
"1649",0.221905679267427
"1650",0.212419070333782
"1651",0.206585917538057
"1652",0.20888233702897
"1653",0.198032430573983
"1654",0.207057669700056
"1655",0.299773494780414
"1656",0.262234975458947
"1657",0.251325024387523
"1658",0.290550912266023
"1659",0.425199761218435
"1660",0.73354864029226
"1661",0.700620468377586
"1662",0.303480184081033
"1663",0.306101193725359
"1664",0.321400064899155
"1665",0.329095843540815
"1666",0.312939389891326
"1667",0.294233438996339
"1668",0.284325180626226
"1669",0.271173254501271
"1670",0.27018724544748
"1671",0.283049063420393
"1672",0.278559229979157
"1673",0.284582033782421
"1674",0.288934253834976
"1675",0.292040843049698
"1676",0.291146733563429
"1677",0.289729164643944
"1678",0.280445326238432
"1679",0.289926460839743
"1680",0.277628845175752
"1681",0.279796806626888
"1682",0.274080376664269
"1683",0.277255206263091
"1684",0.26800635324583
"1685",0.256297747425508
"1686",0.254535232645597
"1687",0.26511364053231
"1688",0.273477570873885
"1689",0.264114228802804
"1690",0.256366679966569
"1691",0.250724468107265
"1692",0.25347835615742
"1693",0.252564221311778
"1694",0.267919047083601
"1695",0.271144246832235
"1696",0.250941333468074
"1697",0.258698871387736
"1698",0.249198026043854
"1699",0.255075398230936
"1700",0.237613646667338
"1701",0.232631327816927
"1702",0.21340397822877
"1703",0.173373725306436
"1704",0.16556518800336
"1705",0.205299889902998
"1706",0.211739686814077
"1707",0.209819423170232
"1708",0.214965767489753
"1709",0.212565603108767
"1710",0.378119401983938
"1711",0.358843082290732
"1712",0.304170925267248
"1713",0.266922278135222
"1714",0.282248898510851
"1715",0.365867783296228
"1716",0.525314445334673
"1717",0.750594704407766
"1718",0.311678091136812
"1719",0.313553396039819
"1720",0.321863841525254
"1721",0.313611222607811
"1722",0.292571758901093
"1723",0.278954860606196
"1724",0.270622989716625
"1725",0.278803372616598
"1726",0.294798333462223
"1727",0.278876741254551
"1728",0.281393895892924
"1729",0.277036012737955
"1730",0.273580324721035
"1731",0.268722137929391
"1732",0.274360574387085
"1733",0.289349264856946
"1734",0.286616188708165
"1735",0.277765451790671
"1736",0.263091157889876
"1737",0.259527163039272
"1738",0.269071488425029
"1739",0.256704075023775
"1740",0.228606435083952
"1741",0.23567722745077
"1742",0.244965533414854
"1743",0.247912847874157
"1744",0.252276472785742
"1745",0.251863207887016
"1746",0.236771338837325
"1747",0.244248914996771
"1748",0.252594990834899
"1749",0.255181376900295
"1750",0.264334901026904
"1751",0.258093674509666
"1752",0.251897123578146
"1753",0.251723109025608
"1754",0.253113290552581
"1755",0.234361940453234
"1756",0.245859359746002
"1757",0.229929634694029
"1758",0.19346394293254
"1759",0.194907656508173
"1760",0.202464154292107
"1761",0.195875779596837
"1762",0.212053737304663
"1763",0.236148161609087
"1764",0.233120022093651
"1765",0.435198346072065
"1766",0.390641874275479
"1767",0.366685000436375
"1768",0.280265208119959
"1769",0.382032228212458
"1770",0.669972135648421
"1771",0.939008324068397
"1772",0.836196272810273
"1773",0.302796804927958
"1774",0.294685857955927
"1775",0.285764489566648
"1776",0.289216905568838
"1777",0.284429161478899
"1778",0.295654342853912
"1779",0.291127919478739
"1780",0.285405260103464
"1781",0.278514334161679
"1782",0.270530397992142
"1783",0.253720390862296
"1784",0.257173530483129
"1785",0.268519744941419
"1786",0.274386184194673
"1787",0.275011139007835
"1788",0.267496831336892
"1789",0.253176858877188
"1790",0.255906143893519
"1791",0.260472114600555
"1792",0.241984539227022
"1793",0.229894366150656
"1794",0.233557732717801
"1795",0.222641426387
"1796",0.236249452488113
"1797",0.232004029108599
"1798",0.222685142391475
"1799",0.22532855275202
"1800",0.242723432514603
"1801",0.253838246315886
"1802",0.255019239131989
"1803",0.256174354716223
"1804",0.244873743963213
"1805",0.225909964599948
"1806",0.25260291917828
"1807",0.246404779431915
"1808",0.233886648852226
"1809",0.222970232405544
"1810",0.249331313451524
"1811",0.210617417223849
"1812",0.210307488213354
"1813",0.198772000287687
"1814",0.207019066218595
"1815",0.222328492786058
"1816",0.225051328157972
"1817",0.290366798514179
"1818",0.32092244513382
"1819",0.295735734220286
"1820",0.33482967181252
"1821",0.380412234843322
"1822",0.575807830547897
"1823",0.952006717194549
"1824",0.894929063035305
"1825",0.284773572490764
"1826",0.279746467938756
"1827",0.276835413065748
"1828",0.273142220825884
"1829",0.280752014695878
"1830",0.27899425062966
"1831",0.265244458198094
"1832",0.251479343928328
"1833",0.239368453335628
"1834",0.242786230028048
"1835",0.25522540752157
"1836",0.270401814105644
"1837",0.273795931614642
"1838",0.2710319915577
"1839",0.261882667565381
"1840",0.263726557980826
"1841",0.258371685645717
"1842",0.247344681393545
"1843",0.229899164056869
"1844",0.21617485558617
"1845",0.214435984258842
"1846",0.220909885631131
"1847",0.23192815926708
"1848",0.222721810979611
"1849",0.223400407957314
"1850",0.230079093405262
"1851",0.238564418639436
"1852",0.24096780784263
"1853",0.263442883742361
"1854",0.260747199800358
"1855",0.250694186240185
"1856",0.257272697698749
"1857",0.264256341211738
"1858",0.238963824668085
"1859",0.233247725053107
"1860",0.218891807623909
"1861",0.21300040352751
"1862",0.214096040805548
"1863",0.214871413911186
"1864",0.213255038635259
"1865",0.232710375288135
"1866",0.222511159300618
"1867",0.381759770062942
"1868",0.35964563828796
"1869",0.287086666672121
"1870",0.494624425879399
"1871",0.734119166398879
"1872",0.950976598865282
"1873",0.946902437141298
"1874",0.272474855667971
"1875",0.264628501425436
"1876",0.249918341209347
"1877",0.244059562875193
"1878",0.240741991633837
"1879",0.236000417559419
"1880",0.241379483926512
"1881",0.263166980538876
"1882",0.27006913830045
"1883",0.270712907198302
"1884",0.267425916709985
"1885",0.255738468869518
"1886",0.256832753295313
"1887",0.232345199567416
"1888",0.21295467397551
"1889",0.20543380654427
"1890",0.20649224038561
"1891",0.211121370415413
"1892",0.215635020348472
"1893",0.205770509444514
"1894",0.214631707370636
"1895",0.230551207376582
"1896",0.234712407838515
"1897",0.248363489248821
"1898",0.249081570635028
"1899",0.259911782078283
"1900",0.2595985181297
"1901",0.277522536158753
"1902",0.27241740664014
"1903",0.25622621929584
"1904",0.208140989730342
"1905",0.193285334974711
"1906",0.196661833942862
"1907",0.22913842063247
"1908",0.209139819418767
"1909",0.208329712618318
"1910",0.226816375603129
"1911",0.229622364195502
"1912",0.292360651027738
"1913",0.437544569402549
"1914",0.266448622541578
"1915",0.743385071646744
"1916",0.951906669051886
"1917",1
"1918",0.247930592261724
"1919",0.242221870410725
"1920",0.240679021081152
"1921",0.23167331965841
"1922",0.229439870720182
"1923",0.233433584928195
"1924",0.24894910123104
"1925",0.251118037994259
"1926",0.254279087377204
"1927",0.254692257890889
"1928",0.247558416317186
"1929",0.234165131913477
"1930",0.212937464436504
"1931",0.206516182724153
"1932",0.187288660096756
"1933",0.181179163634024
"1934",0.184304850088556
"1935",0.194146441158573
"1936",0.198611120986584
"1937",0.222807056401795
"1938",0.221715100140326
"1939",0.241988644976272
"1940",0.251248887121722
"1941",0.258365770849861
"1942",0.261648687050607
"1943",0.256095905016937
"1944",0.268681237745284
"1945",0.270657566103036
"1946",0.24346059540978
"1947",0.200449143798693
"1948",0.184645296928731
"1949",0.190395186388118
"1950",0.199248157084898
"1951",0.191901901978116
"1952",0.201942283673736
"1953",0.23534620338378
"1954",0.243328692316033
"1955",0.204049508351472
"1956",0.203994277372087
"1957",0.243965067719065
"1958",0.654004829619589
"1959",0.975860270876261
"1960",0.978525201025983
"1961",0.235598903598204
"1962",0.233133550616087
"1963",0.230826481346465
"1964",0.226520761657073
"1965",0.21690193501288
"1966",0.220901516824229
"1967",0.226060964933505
"1968",0.214792932750219
"1969",0.208892483420797
"1970",0.218523690236101
"1971",0.215749147592972
"1972",0.208515069106525
"1973",0.205859388690748
"1974",0.202167266148007
"1975",0.184007946213616
"1976",0.179622486896054
"1977",0.175178036928337
"1978",0.187853161291639
"1979",0.201523481519316
"1980",0.209389593696943
"1981",0.230834079342205
"1982",0.24020640372295
"1983",0.260856780832086
"1984",0.258617511483043
"1985",0.263967019601698
"1986",0.27862920075566
"1987",0.250778896813808
"1988",0.245048450672712
"1989",0.231854979399208
"1990",0.20806763682323
"1991",0.198212155421456
"1992",0.193038990019664
"1993",0.186406112777917
"1994",0.174582750479493
"1995",0.184990132673277
"1996",0.225334593394596
"1997",0.230423488686287
"1998",0.194607527811025
"1999",0.207292436756833
"2000",0.393538173620528
"2001",0.740514319185921
"2002",0.94503040425302
"2003",0.96655422052461
"2004",0.225886305416526
"2005",0.221265984657146
"2006",0.226152219536584
"2007",0.211861412054317
"2008",0.199410719585885
"2009",0.199266436321026
"2010",0.189503137641894
"2011",0.190192022588984
"2012",0.183268329307393
"2013",0.185728915844978
"2014",0.196497855666272
"2015",0.194457612905431
"2016",0.195430014782586
"2017",0.195695441246603
"2018",0.177835054465518
"2019",0.17565902309344
"2020",0.177125058731092
"2021",0.178463485794329
"2022",0.204310435795238
"2023",0.219501110251229
"2024",0.258447177947075
"2025",0.277353586936709
"2026",0.26911745393963
"2027",0.271559792702767
"2028",0.291356331276139
"2029",0.302564680652308
"2030",0.216986441085583
"2031",0.224514890781722
"2032",0.220118120990171
"2033",0.233658158400625
"2034",0.20974614891732
"2035",0.192678533550957
"2036",0.188804940037499
"2037",0.16726251418214
"2038",0.180936232271265
"2039",0.210561934551023
"2040",0.240958369338606
"2041",0.239173941498517
"2042",0.277055802134727
"2043",0.634372678324648
"2044",0.731481482064109
"2045",0.844677146216715
"2046",0.94356900921318
"2047",0.225803529736228
"2048",0.219051538573688
"2049",0.222947454149164
"2050",0.204194924236815
"2051",0.186653574622607
"2052",0.180376119980754
"2053",0.176927589496053
"2054",0.182922911521765
"2055",0.197180228045584
"2056",0.185572834450088
"2057",0.180940479598077
"2058",0.180447490802021
"2059",0.181339224931444
"2060",0.186815885430153
"2061",0.178910100073942
"2062",0.177505650675052
"2063",0.183219013123863
"2064",0.201709042508443
"2065",0.218719287501175
"2066",0.240506186341617
"2067",0.27596836062435
"2068",0.288944069879161
"2069",0.29828372130514
"2070",0.312036754289754
"2071",0.329889212727459
"2072",0.321908454187611
"2073",0.230192292530199
"2074",0.198245410417303
"2075",0.21615566396132
"2076",0.22617337751644
"2077",0.191041802568016
"2078",0.183477455094902
"2079",0.188031250131747
"2080",0.176113864602395
"2081",0.180067386514103
"2082",0.195441985951857
"2083",0.228462718129335
"2084",0.269137337721442
"2085",0.393750539961086
"2086",0.60827118760103
"2087",0.486862294554445
"2088",0.731640489395246
"2089",0.936845081869274
"2090",0.233822073753856
"2091",0.243712414697161
"2092",0.209021586425016
"2093",0.191380849363427
"2094",0.162887248448924
"2095",0.178968367105455
"2096",0.171178124769347
"2097",0.182339297356232
"2098",0.192786934769682
"2099",0.184253677665902
"2100",0.171694458132024
"2101",0.174808267802325
"2102",0.183367543715533
"2103",0.182479128793359
"2104",0.164193018288235
"2105",0.191641713883833
"2106",0.221851455061805
"2107",0.243858160930144
"2108",0.265017902639819
"2109",0.286324129931958
"2110",0.314368725479161
"2111",0.338554483040866
"2112",0.399063442414965
"2113",0.349233426726284
"2114",0.273111451302763
"2115",0.211005292546748
"2116",0.200423691299506
"2117",0.17588345498831
"2118",0.16630370375078
"2119",0.165225354665947
"2120",0.168266959780459
"2121",0.187664296826103
"2122",0.172785989660812
"2123",0.188587602751488
"2124",0.213008536371811
"2125",0.213536479094438
"2126",0.276381043481994
"2127",0.398933977601425
"2128",0.437691841527016
"2129",0.367078617515889
"2130",0.668471098891677
"2131",0.916038277286767
"2132",0.192281015223112
"2133",0.187679162469942
"2134",0.175410239858187
"2135",0.178726379593099
"2136",0.184567728156487
"2137",0.174573516476388
"2138",0.162629703135768
"2139",0.16467460222526
"2140",0.167323974574181
"2141",0.175540475482889
"2142",0.181160160779254
"2143",0.177798653301662
"2144",0.212214475028205
"2145",0.23109864061002
"2146",0.265075225820929
"2147",0.281931355773776
"2148",0.288490235143969
"2149",0.304475317022048
"2150",0.325557348381918
"2151",0.347788800761928
"2152",0.272538974571979
"2153",0.212447810578538
"2154",0.19734609402298
"2155",0.163251323010841
"2156",0.167931767040858
"2157",0.155127602596697
"2158",0.167683141114005
"2159",0.161362190699437
"2160",0.178216149796359
"2161",0.195233395012909
"2162",0.210260594579191
"2163",0.221258355199726
"2164",0.203016668586879
"2165",0.194363180672663
"2166",0.266032321590724
"2167",0.38709903740473
"2168",0.543594845544862
"2169",0.736668883876138
"2170",0.88877289317017
"2171",0.19272909247085
"2172",0.201621988039655
"2173",0.194911951027505
"2174",0.188842709784439
"2175",0.187068333951137
"2176",0.175804910903984
"2177",0.155720529419535
"2178",0.169905515540844
"2179",0.181488526334277
"2180",0.184783067625813
"2181",0.190703998508969
"2182",0.194013232405104
"2183",0.206192851037944
"2184",0.247693843119102
"2185",0.272296216248461
"2186",0.275245843141251
"2187",0.276046070974154
"2188",0.27868624078165
"2189",0.27825984063149
"2190",0.268936077353953
"2191",0.221259251857609
"2192",0.206555824441057
"2193",0.179213138976498
"2194",0.162175412206214
"2195",0.150815244492807
"2196",0.153502622551267
"2197",0.166183929134706
"2198",0.164140681783417
"2199",0.192711552584204
"2200",0.204867921035463
"2201",0.239931475831547
"2202",0.226034269697954
"2203",0.206219168733333
"2204",0.272006139558099
"2205",0.349931844562439
"2206",0.364832096249587
"2207",0.604933669654501
"2208",0.760180512018711
"2209",0.880679187198825
"2210",0.225279456800251
"2211",0.204660132369357
"2212",0.180773229306757
"2213",0.164565068386052
"2214",0.160165010848932
"2215",0.163461534226313
"2216",0.167546141228085
"2217",0.181089293344868
"2218",0.192453818500966
"2219",0.20855102980686
"2220",0.221942410778924
"2221",0.240700635255368
"2222",0.271033627565064
"2223",0.286167702458587
"2224",0.263086470099544
"2225",0.249960877400818
"2226",0.247549481200043
"2227",0.23118240733324
"2228",0.196644042362776
"2229",0.182296069007798
"2230",0.171437683630029
"2231",0.177558962491952
"2232",0.182197531025779
"2233",0.181329487541459
"2234",0.174438954870675
"2235",0.160763301888224
"2236",0.154898766066616
"2237",0.190199463276323
"2238",0.240105883655086
"2239",0.25378274791222
"2240",0.261757686041253
"2241",0.302664288331449
"2242",0.350782159390033
"2243",0.288750423238253
"2244",0.362152819573748
"2245",0.489360509261409
"2246",0.740332533598404
"2247",0.9125569165389
"2248",0.22284304856381
"2249",0.186725433099916
"2250",0.177818615737674
"2251",0.167328158977632
"2252",0.157343747610879
"2253",0.170828679888669
"2254",0.165533631938237
"2255",0.180616974872627
"2256",0.231411825904403
"2257",0.227926453792326
"2258",0.224717142192134
"2259",0.234845632322825
"2260",0.243036932425787
"2261",0.250942182933437
"2262",0.226064347064113
"2263",0.229606192891939
"2264",0.213975149299831
"2265",0.196248694890857
"2266",0.18472500509522
"2267",0.192541690973437
"2268",0.19449137128816
"2269",0.204519624506108
"2270",0.200296208571811
"2271",0.191482942515296
"2272",0.165436273769221
"2273",0.158390100167069
"2274",0.186940693915041
"2275",0.326478168834577
"2276",0.312840033905625
"2277",0.296669485423459
"2278",0.268689606552186
"2279",0.312444340355225
"2280",0.333453191847223
"2281",0.388327521626918
"2282",0.537338627537065
"2283",0.886768343685384
"2284",0.228762500748003
"2285",0.212443264365766
"2286",0.178816768999977
"2287",0.168320114288958
"2288",0.162389823555977
"2289",0.185312347469843
"2290",0.18428713716267
"2291",0.192193677599203
"2292",0.224050437729502
"2293",0.249007903111115
"2294",0.213083997211489
"2295",0.198819837772252
"2296",0.20336362799483
"2297",0.209750946823532
"2298",0.210682873249261
"2299",0.206205262670736
"2300",0.194375261957815
"2301",0.203267229407057
"2302",0.205486316088327
"2303",0.20869959186021
"2304",0.221655904989251
"2305",0.254924429359059
"2306",0.236530200790331
"2307",0.206209384150827
"2308",0.189460774489663
"2309",0.1719592396316
"2310",0.176238138238722
"2311",0.288442916777125
"2312",0.285609603715601
"2313",0.260120608979832
"2314",0.278898166658687
"2315",0.272165713199479
"2316",0.361187858383932
"2317",0.421460540540611
"2318",0.549994151273675
"2319",0.820897149943036
"2320",0.212894188895551
"2321",0.185250588191841
"2322",0.178001549676515
"2323",0.169663480835968
"2324",0.18577160934485
"2325",0.228657167043086
"2326",0.211840474306222
"2327",0.21604174121774
"2328",0.215208588736631
"2329",0.211591486570048
"2330",0.188133956786377
"2331",0.189914593494015
"2332",0.178287788041907
"2333",0.184062028841678
"2334",0.191509197287324
"2335",0.188747050546147
"2336",0.187997869289179
"2337",0.206983608905141
"2338",0.233905116858434
"2339",0.24835900595941
"2340",0.24538288833199
"2341",0.260601831107536
"2342",0.249583274316466
"2343",0.212999239445347
"2344",0.182880910178855
"2345",0.177309487099737
"2346",0.196031986838448
"2347",0.249859460675072
"2348",0.255730273101857
"2349",0.290713160150209
"2350",0.269679013467425
"2351",0.278952909982031
"2352",0.346195958822703
"2353",0.470829957232882
"2354",0.583943946863994
"2355",0.732200507300718
"2356",0.205897410131128
"2357",0.201633613130445
"2358",0.202079897062418
"2359",0.190613577640411
"2360",0.189837591032013
"2361",0.214503217869178
"2362",0.256763631984172
"2363",0.24662337518513
"2364",0.223811942463636
"2365",0.200369105284563
"2366",0.182699108860497
"2367",0.173810161732543
"2368",0.18013867868117
"2369",0.175313636769493
"2370",0.17948764213522
"2371",0.181727587910385
"2372",0.186069158184232
"2373",0.193381245906443
"2374",0.218645635708102
"2375",0.263494134819215
"2376",0.292411713334512
"2377",0.273987281552905
"2378",0.24826016909143
"2379",0.253006084877699
"2380",0.189522706806905
"2381",0.177581489054891
"2382",0.176552440422748
"2383",0.228192635336665
"2384",0.242757143704812
"2385",0.254010624861059
"2386",0.31250339392874
"2387",0.285493226960975
"2388",0.349374343591374
"2389",0.333017636348159
"2390",0.487299737754314
"2391",0.625672957471551
"2392",0.756822418133408
"2393",0.181548822644155
"2394",0.202064040375656
"2395",0.192960571782058
"2396",0.180113525067944
"2397",0.189607857844049
"2398",0.23707785425553
"2399",0.267923074178652
"2400",0.284710554745558
"2401",0.242405716738288
"2402",0.209883683651801
"2403",0.194837025036388
"2404",0.162815295586575
"2405",0.157765444239867
"2406",0.157937004781358
"2407",0.161188852573022
"2408",0.179491244497589
"2409",0.181747393037997
"2410",0.185945812667467
"2411",0.198178365577047
"2412",0.229272447389622
"2413",0.269550649812688
"2414",0.303762741429855
"2415",0.274647095907598
"2416",0.20241211667325
"2417",0.17202782609418
"2418",0.195037766286155
"2419",0.206827433125211
"2420",0.264610725576189
"2421",0.307864211892152
"2422",0.276043428193027
"2423",0.26456164535526
"2424",0.302910035514575
"2425",0.375545773629816
"2426",0.548384634644006
"2427",0.851561465205683
"2428",0.715088184886957
"2429",0.16101309189724
"2430",0.19365791992109
"2431",0.195569909143073
"2432",0.1664937008368
"2433",0.176481510065001
"2434",0.21694352735395
"2435",0.312665390119486
"2436",0.299122458234464
"2437",0.258204451085237
"2438",0.221185757372936
"2439",0.188816376358209
"2440",0.165754713164178
"2441",0.152640446670282
"2442",0.165288891528874
"2443",0.145945700034653
"2444",0.164821056346045
"2445",0.187109973484726
"2446",0.206508333034973
"2447",0.213420432687453
"2448",0.220933592007073
"2449",0.269156749578053
"2450",0.318918241727515
"2451",0.233347584425689
"2452",0.203058732853149
"2453",0.194079585088398
"2454",0.222089116593149
"2455",0.245750345024516
"2456",0.263272849092354
"2457",0.2934042034944
"2458",0.301034038454606
"2459",0.275348754296802
"2460",0.276468569875984
"2461",0.342439402759153
"2462",0.597231032366584
"2463",0.883910238819955
"2464",0.159029527353069
"2465",0.172708389426888
"2466",0.183785166056951
"2467",0.160954746211527
"2468",0.179909338764207
"2469",0.230003333679623
"2470",0.280407320528892
"2471",0.278968326205272
"2472",0.267482642119174
"2473",0.222245953068361
"2474",0.203549440677399
"2475",0.181462255831408
"2476",0.157638527822414
"2477",0.148364112190087
"2478",0.16691236141366
"2479",0.163505092922388
"2480",0.181500135694227
"2481",0.19714057059784
"2482",0.22820954598971
"2483",0.227027231783043
"2484",0.261651723102734
"2485",0.264688970774554
"2486",0.21326677384193
"2487",0.194250060201926
"2488",0.181817489661221
"2489",0.197592218746267
"2490",0.254051729546087
"2491",0.244017246915482
"2492",0.327566805888797
"2493",0.342257208169794
"2494",0.291378134220437
"2495",0.267804715338181
"2496",0.33167840701208
"2497",0.421832040059027
"2498",0.152530315059153
"2499",0.15806346500445
"2500",0.157011999925248
"2501",0.155319361536801
"2502",0.172648926851532
"2503",0.181288540164831
"2504",0.222794361613882
"2505",0.244409621258633
"2506",0.235788177065582
"2507",0.214452108369884
"2508",0.204574084674331
"2509",0.218401729033261
"2510",0.183378995767083
"2511",0.164361055121556
"2512",0.176408975161571
"2513",0.177865902642839
"2514",0.189492393478146
"2515",0.205328818917834
"2516",0.215254853137193
"2517",0.232437193519977
"2518",0.22862057710915
"2519",0.209075370167117
"2520",0.197728825361186
"2521",0.202219697037865
"2522",0.164163617348198
"2523",0.172965557199884
"2524",0.221955215682717
"2525",0.226310644826641
"2526",0.316215180021533
"2527",0.342801652543625
"2528",0.292942534800867
"2529",0.225302392365032
"2530",0.292643648840082
"2531",0.461134253973408
"2532",0.136501013789718
"2533",0.149199781605602
"2534",0.160241494193213
"2535",0.173853500196857
"2536",0.202131447025233
"2537",0.166720712589436
"2538",0.216109462484118
"2539",0.251621550722302
"2540",0.20516742049901
"2541",0.198344797864684
"2542",0.203909975800306
"2543",0.241788470036747
"2544",0.221756692481396
"2545",0.231648087390984
"2546",0.182985237110009
"2547",0.182591620030495
"2548",0.205171793672541
"2549",0.208082172119428
"2550",0.218579597641608
"2551",0.251903636145923
"2552",0.283296415149203
"2553",0.197724829727815
"2554",0.217810438217787
"2555",0.252815222595478
"2556",0.177614492357298
"2557",0.177896404741679
"2558",0.243981207560948
"2559",0.230803105318164
"2560",0.346931029516154
"2561",0.386170477378771
"2562",0.335168105105169
"2563",0.402144988132342
"2564",0.522372872631984
"2565",0.574434465288929
"2566",0.199241927672241
"2567",0.23660968872506
"2568",0.246661349432989
"2569",0.199588147730711
"2570",0.179232393524709
"2571",0.197316189696062
"2572",0.182905875022
"2573",0.19545422454541
"2574",0.19613942847593
"2575",0.179843505198634
"2576",0.187416158555291
"2577",0.206143660701135
"2578",0.249654975485375
"2579",0.263805668375394
"2580",0.284635235483441
"2581",0.256794700393253
"2582",0.2516360073643
"2583",0.270137819148071
"2584",0.232983698633853
"2585",0.217872685151831
"2586",0.248118009489977
"2587",0.242481020269566
"2588",0.261876186459284
"2589",0.352244215125154
"2590",0.442544207907845
"2591",0.493506969926223
"2592",0.592896997165117
"2593",0.187814935350338
"2594",0.194584607977085
"2595",0.218007388335105
"2596",0.205386378061545
"2597",0.166370182280795
"2598",0.179011658377249
"2599",0.203968006869218
"2600",0.206511982589862
"2601",0.181939875596742
"2602",0.176882143099174
"2603",0.160279877442914
"2604",0.185587747286447
"2605",0.239279715666955
"2606",0.299818296212852
"2607",0.304707724452818
"2608",0.344528143699841
"2609",0.437128897685297
"2610",0.367754980714306
"2611",0.26491165654618
"2612",0.257314478809899
"2613",0.265414760272381
"2614",0.274505864425707
"2615",0.425029993992709
"2616",0.363881513047569
"2617",0.417475037831099
"2618",0.161035225189178
"2619",0.175612491268598
"2620",0.183587429397631
"2621",0.179481396991723
"2622",0.157632613026558
"2623",0.195403177969475
"2624",0.202983791131192
"2625",0.203374199119338
"2626",0.224466770142036
"2627",0.251814017550207
"2628",0.20796106038195
"2629",0.245523191694319
"2630",0.271781031237108
"2631",0.316006274465784
"2632",0.358287406097112
"2633",0.440020572163375
"2634",0.398720384255344
"2635",0.406098588698249
"2636",0.368368357629198
"2637",0.323097548386335
"2638",0.336272630307831
"2639",0.153817270813774
"2640",0.148790229185126
"2641",0.1725987454718
"2642",0.257523777636649
"2643",0.277051869424716
"2644",0.193016384802524
"2645",0.222935561634093
"2646",0.223567799826194
"2647",0.254287361799066
"2648",0.243221565295352
"2649",0.264442468511107
"2650",0.264844989246084
"2651",0.302510786794326
"2652",0.42731782444496
"2653",0.377015852093358
"2654",0.369233994294992
"2655",0.388352407815863
"2656",0.12458101694092
"2657",0.121229026621553
"2658",0.141785113075481
"2659",0.199100444496909
"2660",0.261530359671816
"2661",0.225401119117131
"2662",0.202626197675373
"2663",0.213640255446191
"2664",0.24114673041726
"2665",0.221454408659161
"2666",0.239657900792389
"2667",0.238983126408816
"2668",0.317805851104832
"2669",0.337535093144508
"2670",0.373365919663608
"2671",0.123351014692668
"2672",0.140652240899065
"2673",0.153523056912481
"2674",0.161047054780889
"2675",0.182716066706062
"2676",0.208767108625667
"2677",0.275870577722653
"2678",0.264797136030679
"2679",0.239694994113206
"2680",0.250398320600688
"2681",0.286931308895873
"2682",0.285876335839341
"2683",0.280017415927628
"2684",0.313138196247768
"2685",0.121006026233127
"2686",0.0994740377901346
"2687",0.124119096553946
"2688",0.122039518827582
"2689",0.116568482104188
"2690",0.215544725326635
"2691",0.310194924614355
"2692",0.222537665766088
"2693",0.207303684307462
"2694",0.233698555197851
"2695",0.274023336638279
"2696",0.300351508766893
"2697",0.301056124554024
"2698",0.124248136634805
"2699",0.140734623308361
"2700",0.140542880099097
"2701",0.222949373311649
"2702",0.220390484754646
"2703",0.187306970794564
"2704",0.192787737042524
"2705",0.225557656706382
"2706",0.259470358975883
"2707",0.338116316222355
"2708",0.130933224534649
"2709",0.12323363116428
"2710",0.190032559063485
"2711",0.288980062041176
"2712",0.263318279758393
"2713",0.232941854599343
"2714",0.211773193503365
"2715",0.242615927953761
"2716",0.272073782170277
"2717",0.312105560984095
"2718",0.17944208562246
"2719",0.15093832258529
"2720",0.180276622417492
"2721",0.20602788171843
"2722",0.279600831821653
"2723",0.28581108431485
"2724",0.285070539289064
"2725",0.255924800669808
"2726",0.225310588132693
"2727",0.267268136384371
"2728",0.26369764469683
"2729",0.201435593316005
"2730",0.170212833231891
"2731",0.106260597473665
"2732",0.151740202156397
"2733",0.211830721185397
"2734",0.245837934341866
"2735",0.280152197765102
"2736",0.270178719332178
"2737",0.296914886528104
"2738",0.242862304370488
"2739",0.253855361469851
"2740",0.291400849553456
"2741",0.245815187547166
"2742",0.216428279419236
"2743",0.165882667817074
"2744",0.098274883719204
"2745",0.127247669617626
"2746",0.19043786415715
"2747",0.226928064567423
"2748",0.243876959283994
"2749",0.263288658586595
"2750",0.314448921301692
"2751",0.334843200334955
"2752",0.321347398046697
"2753",0.273002971429838
"2754",0.326352416499287
"2755",0.214837576874257
"2756",0.195320779829339
"2757",0.103113635057977
"2758",0.122016630455322
"2759",0.123076653111507
"2760",0.199453208584836
"2761",0.219726218572221
"2762",0.22258418186009
"2763",0.248277929209837
"2764",0.294381088660966
"2765",0.33836184317372
"2766",0.341130628329395
"2767",0.306943863364693
"2768",0.270377179610139
"2769",0.197748756335518
"2770",0.215983835995548
"2771",0.205133850886361
"2772",0.120381598403106
"2773",0.132561492325647
"2774",0.193643541933292
"2775",0.197276076053956
"2776",0.186613114902021
"2777",0.220138634005584
"2778",0.242673911830153
"2779",0.317979299347128
"2780",0.3165984462083
"2781",0.289710539329335
"2782",0.294199523305209
"2783",0.155198595877803
"2784",0.171645472296135
"2785",0.199190078823465
"2786",0.11447206451356
"2787",0.12956340658011
"2788",0.138658152422906
"2789",0.198672172376784
"2790",0.182590046946491
"2791",0.183501570472686
"2792",0.186853324829452
"2793",0.239849030498891
"2794",0.282059373350033
"2795",0.274747836207223
"2796",0.257678899450296
"2797",0.141684640200137
"2798",0.152949274521974
"2799",0.175515133099582
"2800",0.187502442212917
"2801",0.0640150568679309
"2802",0.0893011394980067
"2803",0.143717222041878
"2804",0.170592717288049
"2805",0.151423823501486
"2806",0.158836620061642
"2807",0.189154526495738
"2808",0.225967287781058
"2809",0.209929381742121
"2810",0.307477736614016
"2811",0.340491956223717
"2812",0.154774099159288
"2813",0.187566671232806
"2814",0.0806605823343048
"2815",0.0840413128984272
"2816",0.15838311567409
"2817",0.182973690673419
"2818",0.158288541863762
"2819",0.150426724205466
"2820",0.16798589686144
"2821",0.160428927152305
"2822",0.243357117943988
"2823",0.324871735449557
"2824",0.150007245624924
"2825",0.0793030029733179
"2826",0.154538278136228
"2827",0.155750827017454
"2828",0.154988416124011
"2829",0.159289400830551
"2830",0.184317419029749
"2831",0.229040386037333
"2832",0.284946328576098
"2833",0.306064603791423
"2834",0.152346799079231
"2835",0.163710097229806
"2836",0.173696978338445
"2837",0.173957937243891
"2838",0.201206206206522
"2839",0.240128252909625
"2840",0.164375322993474
"2841",0.185951711732483
"2842",0.212093410483247
"2843",0.235224824222021
"2844",0.217641158648103
"2845",0.263423959541791
"2846",0.260387498411973
"2847",0.28179956279591
"2848",0.263693318715819
